order_id,customer_id,product_id,quantity,unit_price,total_amount,discount_pct,status,channel,order_date
1793,777,103,2,147.32,294.64,10,new,mobile,2026-04-19
2988,182,99,5,246.61,1233.05,0,cancelled,partner,2025-09-29
302,522,145,1,75.35,75.35,15,cancelled,web,2026-01-10
2821,529,36,3,315.82,947.46,5,new,store,2025-12-29
2062,202,100,3,376.16,1128.48,0,paid,  mobile ,2025-11-26
517,553,32,4,86.47,345.88,0,DELIVERED,mobile,2026-01-21
1969,409,115,7,395.02,2765.14,25,shipped,store,2026-06-16
882,74,140,2,387.52,,,delivered,partner,2026-04-22
1899,448,85,5,259.31,1296.55,15,shipped,store,2025-10-06
991,675,139,7,260.63,1824.41,5,shipped,web,2026-06-17
582,205,108,,88.1,-264.3,0,delivered,mobile,2026-07-10
1086,18,84,1,27.1,27.1,5,paid,  store ,2026-04-27
1630,263,43,8,348.75,2790.0,0,delivered,partner,2026-07-27
2778,183,79,5,50.39,251.95,0,delivered,store,2026-04-02
2044,625,76,7,159.69,1117.83,0,paid,mobile,2025-09-23
2405,274,60,3,162.0,486.0,25,new,store,2026-06-24
628,267,27,8,29.43,235.44,0,paid,store,0000-00-00
1555,537,63,1,53.27,53.27,0,cancelled,web,2025-11-08
1332,460,83,3,246.51,739.53,0,shipped,partner,2025-11-15
2878,442,121,,113.8,113.8,10,cancelled,store,2026-05-26
2184,537,132,2,157.06,314.12,25,shipped,mobile,0000-00-00
2090,622,25,,,822.62,10,paid,web,2023-13-45
815,509,66,3,406.17,1218.51,10,delivered,mobile,not a date
164,661,47,6,474.33,2845.98,0,shipped,partner,2026-05-10
1294,42,66,1,114.51,114.51,15,delivered,store,2025-12-26
2356,725,98,7,491.21,3438.47,0,cancelled,web,2026-06-16
1247,110,94,7,323.66,2265.62,,cancelled,mobile,2025-12-13
297,79,150,1,430.61,430.61,0,new,web,2026-01-23
2803,599,82,8,317.19,2537.52,15,shipped,,2026-05-04
644,122,21,3,81.53,-244.59,0,shipped,store,2026-04-05
685,309,127,1,75.31,75.31,0,delivered,store,2026-06-26
1872,690,120,8,368.45,2947.6,0,cancelled,partner,2025-11-14
2414,603,63,8,380.6,3044.8,5,paid,store,2026-01-02
2313,481,71,8,337.15,2697.2,15,shipped,mobile,2026-06-20
1220,375,13,6,299.83,1798.98,0,paid,web,2026-02-16
1833,698,133,8,254.18,2033.44,0,delivered,store,2026-07-02
2123,785,55,8,195.08,1560.64,5,  shipped ,mobile,2025-09-03
2909,427,38,1,225.13,225.13,15,shipped,mobile,2025-10-17
503,492,83,3,100.16,300.48,0,new,mobile,2026-02-28
768,93,63,7,107.12,749.84,,new,web,2025-10-29
1944,467,141,1,55.69,-55.69,25,shipped,store,2025-09-16
2996,607,86,3,,1012.05,5,shipped,store,2025-12-18
123,577,39,6,133.39,800.34,0,shipped,web,2025-12-18
298,177,38,3,270.27,810.81,0,shipped,mobile,2025-08-08
2945,84,2,5,304.56,1522.8,25,new,,2026-07-19
27,674,146,6,386.48,2318.88,0,shipped,store,2026-03-27
314,371,6,2,459.41,918.82,0,delivered,mobile,2026-05-30
2043,279,34,2,352.2,704.4,25,paid,web,2025-09-09
1725,439,80,8,418.78,3350.24,10,delivered,store,2026-07-21
1576,291,144,4,13364.89897935418,1512.88,0,new,store,2025-12-04
3000,761,23,8,N/A,959.2,10,shipped,partner,2026-01-02
2696,406,97,2,311.1,622.2,10,cancelled,store,2026-03-11
984,184,100,2,420.66,841.32,15,shipped,,2026-02-07
622,204,97,1,131.62,131.62,0,delivered,store,2026-04-26
2337,759,81,7,464.33,3250.31,0,shipped,partner,
2403,750,43,7,120.28,-841.96,0,paid,partner,2026-01-28
1063,624,43,3,5.35,232715.81255822076,0,delivered,  mobile ,2026-02-09
747,578,43,2,387.47,774.94,0,cancelled,store,31/02/2023
1778,781,144,8,301.66,2413.28,0,paid,mobile,2025-09-16
1998,791,46,4,47.83,191.32,25,shipped,web,2026-03-06
1664,283,48,7,83.82,586.74,0,shipped,mobile,2026-02-03
1272,627,121,5,36.48,182.4,0,new,partner,2026-01-22
1514,620,80,2,363.98,727.96,25,new,mobile,2026-05-03
2958,661,88,2,74.33,148.66,0,delivered,web,2026-06-30
959,791,122,2,217.71,435.42,10,shipped,mobile,2025-09-28
1786,209,135,7,454.34,3180.38,0,new,WEB,
1472,568,48,5,-217.57,1087.85,25,paid,store,2025-10-01
1427,598,75,8,43.89,351.12,0,cancelled,partner,2026-03-14
718,626,93,5,-431.22,2156.1,25,  shipped ,partner,2026-01-03
1190,737,34,1,141.45,141.45,0,delivered,web,2026-01-14
1764,745,107,3,399.81,1199.43,10,paid,store,2025-09-25
2174,258,26,3,-467.02,1401.06,25,shipped,mobile,2025-08-19
2983,53,89,1,408.36,408.36,0,paid,store,2026-07-10
2144,304,130,6,20.94,125.64,0,paid,,2025-11-21
2,155,49,8,470.74,3765.92,0,new,mobile,2025-09-24
1721,257,68,5,258.18,1290.9,25,delivered,web,2026-07-01
2646,391,121,7,298.14,2086.98,0,,PARTNER,2025-08-13
2694,359,18,4,474.94,1899.76,0,cancelled,mobile,2025-12-13
49,797,147,3,350.27,1050.81,10,shipped,web,2026-05-02
694,338,96,3,147.13,441.39,25,shipped,partner,2026-08-06
2051,18,10,6,376.04,2256.24,5,DELIVERED,mobile,2026-01-06
172,82,139,1,316.61,316.61,0,cancelled,web,2025-11-14
1960,646,2,5,257.2,1286.0,10,delivered,web,2025-09-17
1867,681,131,3,353.62,1060.86,0,new,partner,0000-00-00
2942,413,14,8,111.5,892.0,0,new,mobile,2025-11-26
2903,555,77,8,81.26,650.08,25,delivered,store,2025-10-29
2248,453,48,3,320.38,961.14,0,shipped,mobile,2025-12-27
2031,27,135,8,398.39,3187.12,0,new,partner,2026-06-03
2660,469,113,8,20.99,167.92,0,delivered,mobile,2026-05-23
1185,212,56,3,273.03,819.09,5,new,web,2026-06-19
586,97,64,8,348.78,2790.24,5,shipped,web,2025-09-08
428,3,119,1,103.52,103.52,5,new,store,2025-10-19
2884,655,51,8,267.52,2140.16,0,cancelled,store,2025-08-24
2306,599,63,8,384.32,3074.56,,new,mobile,2025-12-16
752,120,8,2,157.62,,25,paid,store,2026-06-23
2229,133,39,6,433.17,2599.02,0,cancelled,partner,2026-07-29
1235,15,108,4,106.94,427.76,0,new,partner,2026-05-09
952,345,131,,322.38,322.38,10,shipped,store,2025-10-25
1943,400,108,4,434.26,1737.04,10,,PARTNER,2025-12-16
207,321,56,7,unknown,2416.61,15,paid,partner,2025-09-02
2443,70,144,8,181.54,1452.32,5,new,  partner ,2025-10-28
231,287,68,4,405.35,1621.4,5,new,mobile,2025-09-26
2917,664,39,6,129.6,777.6,25,cancelled,mobile,2026-02-15
139,478,21,3,147.24,441.72,0,shipped,mobile,2026-03-29
1995,12,102,8,127.06,1016.48,,new,mobile,2025-10-26
875,436,111,4,155.64,622.56,25,shipped,store,2026-06-06
867,493,12,2,167.22,334.44,15,new,web,2026-03-26
1264,483,115,7,22.85,159.95,15,new,partner,2025-11-06
2326,16,74,5,333.5,,25,shipped,mobile,2026-03-20
2464,268,15,2,393.03,786.06,0,shipped,store,2026-06-07
2086,482,9,2,80.19,160.38,10,delivered,mobile,2026-04-19
1903,579,6,3,18.35,55.05,25,shipped,store,2026-06-16
1702,428,80,1,37.64,37.64,0,paid,web,2026-02-20
1656,212,25,6,239.11,1434.66,0,new,mobile,2025-12-15
1861,348,88,6,79.26,,0,delivered,store,2026-02-07
2729,525,106,2,217.7,435.4,10,paid,web,2025-08-19
1747,518,60,7,13.86,97.02,0,new,web,
2760,180,29,1,78.03,78.03,15,cancelled,web,2025-11-11
804,88,81,5,181.62,,5,delivered,web,2026-05-28
2459,126,96,6,318.07,1908.42,5,paid,mobile,2026-03-11
386,451,46,3,201.42,604.26,0,shipped,web,2026-07-29
939,390,41,2,445.39,890.78,10,delivered,partner,2026-03-31
2589,724,2,4,401.85,1607.4,25,shipped,web,2026-07-15
1487,634,70,6,467.06,2802.36,0,new,store,2026-03-20
1367,455,121,8,146.72,1173.76,10,delivered,mobile,2025-09-26
2234,468,111,3,167.93,503.79,15,new,mobile,2026-02-25
2606,756,97,2,462.79,925.58,0,delivered,mobile,2025-12-17
87,299,83,4,234.34,937.36,5,paid,store,2025-10-25
1554,800,23,4,473.47,1893.88,15,paid,mobile,2026-08-02
2638,654,31,3,97.01,,10,new,,2026-01-16
1890,162,73,8,316.34,2530.72,0,paid,web,2026-05-10
1962,515,111,7,491.76,3442.32,5,cancelled,,2025-10-18
564,573,35,6,46.03,276.18,5,cancelled,mobile,2026-02-01
1027,338,107,1,423.66,423.66,10,new,web,2025-10-30
587,218,29,4,225.61,902.44,0,shipped,partner,2026-05-28
1758,316,43,2,381.13,,15,delivered,web,2025-09-06
874,781,133,8,349.81,2798.48,0,shipped,store,
175,231,49,3,493.07,1479.21,25,shipped,web,2026-07-17
86,345,89,1,248.11,248.11,0,shipped,web,2026-06-30
2802,552,113,1,389.48,389.48,15,new,web,2026-04-15
2347,754,111,1,456.53,456.53,0,SHIPPED,store,2026-06-26
2215,467,24,2,292.3,584.6,0,new,partner,31/02/2023
590,142,52,7,463.78,3246.46,25,paid,store,2025-08-20
321,166,67,2,176.51,353.02,15,paid,mobile,2026-04-08
349,88,10,2,356.09,712.18,0,new,store,2025-09-14
2679,707,56,3,44.83,134.49,25,new,web,2026-02-15
2412,789,104,1,N/A,475.87,10,delivered,mobile,2025-08-13
206,363,145,3,325.63,976.89,0,new,partner,2025-11-15
2422,312,51,,245.94,737.82,0,  paid ,web,2025-08-13
1039,190,92,8,482.05,3856.4,25,delivered,web,2025-09-05
1148,46,93,1,174.53,174.53,0,shipped,store,2026-01-15
522,750,95,8,136.84,1094.72,25,paid,store,0000-00-00
1329,626,51,3,358.22,1074.66,10,cancelled,MOBILE,2025-10-05
152,349,4,5,179.21,896.05,0,paid,web,2026-01-25
387,510,107,6,21.13,126.78,15,shipped,partner,2025-10-23
1669,782,16,3,86.8,260.4,5,new,partner,2025-11-14
2232,101,148,7,34.34,240.38,25,cancelled,store,2025-10-17
1753,474,117,4,182.69,730.76,0,shipped,partner,2026-06-16
233,4,79,6,448.24,2689.44,25,delivered,mobile,2025-12-19
2985,257,6,2,373.11,-746.22,25,new,store,2026-01-02
347,427,128,8,99.17,793.36,25,paid,store,2026-01-19
1509,765,73,7,165.51,1158.57,0,delivered,web,2026-05-06
2189,661,9,1,283.04,283.04,25,paid,web,2026-06-21
9,472,34,1,109.0,109.0,25,delivered,web,2025-11-05
1382,78,40,3,329.79,989.37,25,  cancelled ,mobile,2025-11-11
434,379,17,4,48.71,194.84,25,new,partner,2026-04-23
1564,230,132,3,122.08,366.24,0,paid,partner,2025-12-11
1356,71,23,2,412.28,,10,delivered,mobile,
868,31,83,7,49.52,346.64,25,cancelled,store,2026-03-29
1865,288,51,7,468.86,3282.02,0,shipped,partner,
725,300,41,8,402.39,3219.12,5,cancelled,web,2025-11-26
715,724,84,1,409.35,409.35,25,delivered,web,2026-05-24
2193,778,95,6,377.59,2265.54,10,delivered,mobile,2026-02-22
1647,590,122,7,489.81,3428.67,0,shipped,store,2026-05-03
280,179,85,3,372.38,-1117.14,0,cancelled,web,2026-05-04
1407,540,33,6,12.49,74.94,15,delivered,mobile,2026-01-26
2612,431,99,6,185.92,1115.52,0,cancelled,web,2026-03-08
1110,713,86,7,43.62,307243.41695217433,5,delivered,mobile,2026-08-01
1069,670,8,3,219.21,657.63,0,cancelled,partner,2025-08-09
859,205,67,3,7.98,23.94,5,delivered,web,2026-05-10
1545,204,131,1,489.16,489.16,0,delivered,web,2026-06-29
392,66,2,3,98.89,296.67,15,shipped,store,2026-07-11
1597,397,74,8,259.2,2073.6,25,delivered,partner,2025-09-28
1216,359,21,1,412.81,412.81,25,new,mobile,2025-11-06
2355,136,138,4,374.64,1498.56,0,  delivered ,partner,2025-12-03
508,419,71,3,265.79,797.37,5,shipped,  web ,2025-11-01
1088,403,27,4,163.7,654.8,10,shipped,mobile,2025-12-11
1994,796,143,6,385.03,2310.18,15,paid,store,2026-07-31
2373,140,101,8,420.23,3361.84,10,paid,web,2026-03-23
1677,373,87,7,446.28,3123.96,15,delivered,partner,2026-06-05
1966,433,14,4,341.95,1367.8,0,PAID,web,2025-12-24
838,747,148,8,109.02,872.16,0,paid,,2026-04-06
161,94,8,6,442.15,2652.9,,delivered,web,2026-07-04
1632,262,138,,153.25,306.5,10,new,partner,2025-10-20
2268,282,68,1,283.5,283.5,0,cancelled,  partner ,2025-09-04
2684,715,145,6,60.83,364.98,5,paid,,2026-07-16
964,67,139,8,244.16,1953.28,25,,store,2026-02-16
2156,521,69,4,107.86,431.44,5,paid,partner,2025-11-07
2613,106,2,2,499.18,998.36,25,,partner,2026-06-11
7,606,23,6,100.06,600.36,0,paid,mobile,2026-02-28
2497,384,137,1,,61.83,0,paid,mobile,2025-12-02
943,484,114,8,150.16,,0,cancelled,partner,2025-10-06
126,797,66,7,447.32,3131.24,5,NEW,mobile,2026-02-01
2463,43,52,1,161.52,161.52,0,delivered,PARTNER,2026-07-13
2633,297,23,3,249.96,749.88,15,delivered,mobile,2026-03-14
776,218,88,6,331.77,1990.62,0,cancelled,mobile,2026-03-08
1909,365,78,4,376.79,1507.16,0,cancelled,mobile,2026-02-03
1556,360,75,8,291.91,2335.28,10,paid,mobile,2025-12-03
2079,149,4,,87.72,614.04,0,cancelled,partner,2025-10-10
2523,318,137,4,49.66,198.64,0,new,web,
2534,580,145,7,115.71,809.97,0,paid,web,2026-05-30
783,438,73,8,157.65,1261.2,0,delivered,,2026-01-22
904,282,11,6,280.23,1681.38,0,delivered,mobile,2026-06-05
193,22,95,5,409.72,2048.6,15,paid,mobile,2026-04-22
1648,24,137,1,456.42,456.42,0,cancelled,mobile,2026-01-31
784,622,34,5,327.47,1637.35,,new,store,2026-08-01
770,557,141,6,111.7,670.2,25,cancelled,web,
2809,265,60,7,216.77,1517.39,0,new,mobile,2026-06-16
1496,433,101,5,124.27,621.35,5,paid,store,2025-10-07
647,212,75,4,342.92,1371.68,15,new,,2026-06-27
1712,748,44,6,437.48,2624.88,10,paid,mobile,2025-11-19
429,136,6,1,115.18,115.18,0,paid,partner,2026-06-26
1722,758,30,3,51.67,155.01,0,delivered,mobile,2025-10-30
2981,766,144,8,341.06,2728.48,10,cancelled,web,2025-12-30
830,320,86,3,233.69,701.07,5,shipped,partner,2025-10-27
2435,649,81,8,,2394.32,5,cancelled,mobile,2025-11-15
1471,679,72,7,166.23,1163.61,25,DELIVERED,mobile,2025-09-19
2677,648,23,6,167.84,1007.04,0,delivered,partner,2026-07-31
285,330,68,3,43988.11576629106,1055.25,15,paid,partner,2026-06-26
602,459,33,,-298.07,2086.49,0,shipped,store,2025-09-06
2602,704,3,4,42.98,171.92,5,delivered,store,2026-04-22
560,465,111,2,464.37,928.74,0,delivered,store,2025-11-23
1257,562,66,1,,469.17,0,delivered,  mobile ,2025-08-27
120,653,113,6,244.14,1464.84,0,cancelled,mobile,2026-03-22
2437,447,79,7,360.85,2525.95,10,new,web,31/02/2023
1061,626,103,7,315.68,2209.76,10,shipped,partner,2026-05-28
2528,743,68,1,146.4,146.4,5,shipped,,2025-10-01
1420,25,43,2,106.39,212.78,0,cancelled,store,2026-01-13
72,559,12,6,266.16,1596.96,0,cancelled,store,2025-08-10
1277,369,115,5,21.96,109.8,10,cancelled,mobile,2026-04-30
1690,207,137,7,428.91,3002.37,25,,mobile,2025-09-05
1766,538,131,8,495.77,3966.16,0,delivered,WEB,2026-02-14
775,78,97,4,126.63,506.52,10,shipped,mobile,2025-11-30
1915,546,59,6,230.76,1384.56,5,new,web,2026-06-23
640,302,44,8,314.66,2517.28,,delivered,partner,2025-09-23
2886,225,11,2,113.73,227.46,5,delivered,partner,
127,213,47,7,89.21,624.47,0,  shipped ,partner,2025-10-27
2078,256,102,1,496.09,496.09,25,paid,partner,2026-05-09
2319,622,66,,328.19,328.19,25,new,MOBILE,2026-05-27
2571,552,43,1,250.1,250.1,15,cancelled,partner,2025-10-28
1941,7,97,3,307.98,923.94,10,cancelled,mobile,2025-10-30
277,122,36,6,280.7,1684.2,0,new,store,2025-12-29
832,686,143,4,151.06,604.24,10,,partner,2025-11-23
1334,209,31,8,181.18,1449.44,0,paid,web,2026-06-14
2013,643,72,7,,2937.83,10,paid,web,2026-07-15
322,196,41,2,186.7,373.4,5,cancelled,store,2026-03-03
2529,768,101,7,189.23,1324.61,0,new,store,2026-07-10
320,365,60,3,369.39,1108.17,5,cancelled,store,2025-10-19
1304,291,32,3,337.1,1011.3,10,delivered,store,not a date
1667,239,22,1,358.73,358.73,15,CANCELLED,web,2025-10-30
362,152,83,3,183.63,550.89,10,shipped,mobile,2026-07-27
17,249,2,3,365.93,1097.79,0,SHIPPED,mobile,2026-05-23
1762,505,91,6,415.5,2493.0,0,cancelled,partner,2025-09-30
452,94,109,5,N/A,1128.6,5,cancelled,web,2025-11-18
2601,204,136,7,264.88,1854.16,10,delivered,web,2025-08-21
1606,249,38,8,209.41,1675.28,0,shipped,web,2026-02-23
1321,631,137,1,284.85,284.85,15,new,web,0000-00-00
1430,602,112,3,352.68,1058.04,15,new,partner,
2190,640,132,8,-433.42,3467.36,10,new,web,2026-01-13
2293,669,57,5,400.04,2000.2,15,new,mobile,2023-13-45
1840,199,143,1,406.89,406.89,10,  delivered ,web,2025-11-25
1884,487,40,6,460.4,2762.4,5,delivered,store,2025-10-23
402,34,105,7,394.04,2758.28,,shipped,partner,2026-02-12
1213,662,119,6,,153.9,15,new,web,2025-12-13
1912,351,121,1,462.94,462.94,5,shipped,partner,2026-01-31
2956,99,52,4,198.58,794.32,0,delivered,store,2025-12-30
1817,583,4,7,268.65,1880.55,,new,store,2025-09-26
170,495,140,1,83.2,83.2,0,paid,store,2025-11-04
1795,313,70,3,421.1,1263.3,10,new,partner,2025-10-20
2236,236,8,8,309.19,2473.52,25,shipped,partner,2026-02-01
1886,734,107,4,7.18,28.72,0,cancelled,mobile,2026-07-20
2350,488,130,7,229.01,1603.07,0,paid,mobile,2025-12-25
2281,409,136,8,,,5,paid,partner,2025-09-09
446,718,144,4,82.78,331.12,0,shipped,partner,2025-12-23
573,231,69,2,21.21,42.42,0,shipped,partner,2026-04-17
118,418,120,7,390.62,2734.34,15,cancelled,partner,not a date
1463,54,62,3,115.12,345.36,15,  cancelled ,mobile,2025-10-01
1541,532,22,5,272.5,1362.5,0,shipped,store,2026-06-23
2204,107,112,5,300.82,1504.1,10,cancelled,mobile,2026-05-07
995,45,88,2,469.79,939.58,10,PAID,web,2026-06-04
1741,130,76,6,115.14,690.84,5,new,partner,2026-02-11
160,337,130,4,197.84,791.36,0,new,store,2026-07-28
417,223,134,5,355.04,1775.2,0,new,partner,2023-13-45
2653,446,98,5,365.32,1826.6,0,new,web,2025-12-18
91,429,26,7,410.91,2876.37,0,cancelled,partner,2025-11-05
198,212,15,4,411.04,1644.16,0,delivered,web,2025-08-26
1920,201,128,4,305.41,1221.64,5,cancelled,STORE,2026-07-31
1723,355,54,1,412.49,412.49,0,paid,web,2026-07-30
1983,484,87,1,34.39,34.39,25,delivered,partner,2026-03-21
1928,386,147,2,328.92,657.84,25,delivered,partner,2026-05-16
1314,434,138,7,5.52,38.64,15,paid,partner,2026-04-26
194,337,43,3,,912.12,0,cancelled,mobile,2025-08-29
900,141,32,8,392.12,3136.96,25,cancelled,web,2025-12-28
2070,166,65,3,438.64,1315.92,0,shipped,partner,2025-11-20
1290,303,43,3,350.79,1052.37,5,shipped,STORE,2026-07-04
2782,400,67,7,206.02,1442.14,10,delivered,store,2026-03-25
487,305,43,5,440.23,2201.15,0,paid,mobile,2025-11-04
799,669,98,3,166.96,500.88,15,cancelled,mobile,2026-03-21
356,714,20,1,356.95,356.95,0,,partner,2025-12-10
405,170,105,5,242.84,1214.2,0,cancelled,store,2025-10-17
502,603,64,4,458.15,1832.6,5,delivered,store,2026-08-07
928,385,116,4,73.06,292.24,0,delivered,web,2025-12-25
2181,154,55,3,214.38,-643.14,10,cancelled,mobile,2026-04-02
114,781,117,8,26.24,209.92,0,delivered,STORE,2026-01-04
2510,551,130,7,,169.75,0,delivered,store,2026-05-10
1140,99,143,3,128.84,386.52,0,delivered,partner,2025-08-13
1054,735,115,2,59.88,119.76,0,paid,mobile,2025-11-27
1091,779,137,5,206.82,1034.1,5,new,partner,2026-04-02
213,652,87,7,19.48,136.36,,shipped,mobile,2026-04-02
1178,316,9,5,111.62,558.1,0,delivered,mobile,2025-12-10
1494,83,134,1,265.12,265.12,0,shipped,partner,2026-06-23
1881,754,24,4,331.59,1326.36,15,paid,mobile,
29,262,67,3,49.58,148.74,5,shipped,partner,2026-01-03
1179,512,55,3,88.4,265.2,25,new,store,2026-03-23
407,279,49,7,366.52,2565.64,0,delivered,store,2026-06-10
2436,291,20,2,326.75,653.5,5,new,web,2025-12-01
1777,660,57,5,246.7,1233.5,15,paid,web,0000-00-00
2149,622,149,2,404.84,809.68,0,delivered,partner,2026-06-25
64,98,77,3,148.91,446.73,10,delivered,mobile,2025-11-29
1646,452,44,1,18.26,18.26,10,delivered,partner,2026-03-05
1349,741,28,2,51.55,103.1,0,new,mobile,31/02/2023
122,569,40,7,unknown,2418.01,0,paid,partner,2026-04-05
2798,755,32,8,198.51,1588.08,0,paid,web,2025-11-29
965,774,59,3,461.28,1383.84,0,,web,2026-07-18
2632,195,83,7,,448.98,25,shipped,web,2026-07-02
2401,587,77,4,64.29,257.16,5,new,web,2025-12-28
949,196,48,2,91.48,182.96,0,new,store,2025-08-13
196,358,41,4,464.11,1856.44,10,new,mobile,2026-04-20
2993,263,34,1,-458.36,458.36,5,paid,web,2025-10-18
2192,584,14,8,408.21,3265.68,25,new,mobile,2026-03-23
1687,38,50,8,unknown,1065.12,0,paid,web,2026-05-20
1604,681,22,8,80.31,642.48,0,cancelled,mobile,2026-06-17
1836,361,11,5,378.36,1891.8,25,new,partner,2026-07-16
171,215,30,7,64.77,453.39,0,cancelled,mobile,2025-10-19
2392,445,69,3,429.8,1289.4,0,shipped,mobile,31/02/2023
1221,422,61,2,N/A,137.2,15,new,partner,2026-01-05
1666,519,35,4,73.49,293.96,15,paid,mobile,2026-06-13
2018,495,71,7,337.61,2363.27,25,new,partner,2026-02-07
2139,681,47,7,452.79,3169.53,5,cancelled,store,2026-02-26
144,384,74,1,340.33,340.33,5,cancelled,store,2026-05-19
383,680,8,5,unknown,218.5,15,paid,store,2025-09-20
2448,67,13,6,,492.18,25,new,store,2026-02-07
2986,488,42,3,181.13,543.39,0,SHIPPED,store,2026-07-10
2048,550,71,3,414.51,1243.53,25,shipped,store,2026-07-19
37,206,4,5,351.29,1756.45,0,new,store,2026-06-25
1729,125,113,1,,157.71,25,paid,web,2026-03-07
1234,412,26,2,489.25,330272.86330201285,0,delivered,store,2026-07-20
1607,604,81,7,20.54,143.78,15,new,web,2025-09-28
1688,346,16,3,69.37,208.11,0,new,partner,
1489,647,143,1,34.38,34.38,0,paid,mobile,2025-10-19
1218,109,94,4,261.58,1046.32,25,shipped,store,2026-06-26
617,78,122,1,132.57,132.57,25,paid,web,2026-01-15
1694,155,53,5,207.55,1037.75,5,paid,store,2025-12-12
2126,727,102,5,,1409.75,10,paid,mobile,2025-08-29
873,563,87,8,244.82,1958.56,25,cancelled,  partner ,2026-03-20
1142,64,44,3,261.52,784.56,25,new,mobile,2026-07-02
677,632,41,7,225.92,1581.44,25,new,web,
2637,295,148,7,488.36,3418.52,0,paid,mobile,2026-02-28
1853,528,95,2,256.99,513.98,0,delivered,mobile,2026-01-16
2305,60,74,2,271.49,542.98,25,delivered,store,2026-05-01
257,56,40,3,208.61,625.83,25,cancelled,store,2026-03-18
276,757,82,1,135.74,135.74,15,cancelled,mobile,2025-11-29
658,33,7,6,423.15,2538.9,5,DELIVERED,mobile,2026-05-20
712,269,113,8,19.28,154.24,5,cancelled,mobile,2026-02-27
956,624,14,6,163.61,981.66,10,paid,partner,2026-01-02
535,475,76,5,113.39,566.95,0,cancelled,mobile,2026-04-01
279,497,89,2,489.97,979.94,0,,mobile,2025-11-18
1792,244,29,2,,256.52,25,new,store,2025-09-27
2621,300,119,1,328.93,328.93,5,delivered,partner,2026-07-31
2969,80,65,5,374.47,1872.35,5,new,store,2025-12-26
2138,319,107,8,347.98,2783.84,15,new,store,2023-13-45
205,731,33,3,354.86,1064.58,0,paid,mobile,2026-03-01
1932,444,117,6,84.58,507.48,5,paid,partner,2025-11-14
845,509,132,8,217.93,1743.44,0,delivered,partner,2025-12-09
1558,701,55,8,153.8,1230.4,0,new,store,2026-03-10
2142,795,21,6,101.23,607.38,0,DELIVERED,partner,2026-04-27
1760,636,70,3,476.43,1429.29,0,delivered,partner,2026-04-13
1570,20,143,1,343.62,343.62,0,delivered,web,2026-07-06
846,462,10,1,179.41,179.41,15,  new ,  partner ,2025-09-19
1454,788,61,1,18.24,18.24,25,delivered,store,2025-08-24
1672,177,52,7,264.26,1849.82,25,new,web,2025-08-28
739,293,94,7,338.28,2367.96,10,cancelled,partner,2026-07-14
2452,127,112,3,478.17,1434.51,0,delivered,store,2025-12-27
529,534,72,7,328.75,2301.25,0,shipped,mobile,2025-10-16
1730,729,12,3,238.36,715.08,0,new,store,2025-10-11
202,201,87,7,146.64,1026.48,25,new,partner,2025-10-14
345,137,16,6,454.06,2724.36,0,cancelled,partner,
1785,431,9,6,470.71,2824.26,10,shipped,mobile,2026-03-14
2472,485,73,4,343.42,1373.68,0,delivered,mobile,2026-08-06
2970,300,72,5,234.93,1174.65,5,delivered,store,2026-05-30
1978,155,18,7,33.72,236.04,5,paid,web,2026-02-06
986,122,147,2,390.06,780.12,0,delivered,partner,2025-11-08
1101,666,132,6,150.27,901.62,0,delivered,web,31/02/2023
473,723,14,5,457.48,2287.4,10,cancelled,STORE,2026-07-01
1360,63,127,5,87.84,439.2,10,cancelled,partner,2025-11-21
2881,345,76,5,421.97,2109.85,0,cancelled,mobile,2026-07-30
1149,533,81,4,66.61,266.44,0,paid,web,2025-08-07
2797,571,14,2,487.75,975.5,0,new,web,2026-02-16
1151,475,119,2,345.31,690.62,0,delivered,store,2025-08-17
2572,605,147,4,-410.6,1642.4,25,paid,WEB,2025-10-23
1029,691,90,2,443.14,886.28,0,new,web,2026-02-09
871,337,103,6,248.4,1490.4,10,paid,partner,2025-10-17
892,674,70,7,241.76,1692.32,10,new,partner,2026-04-19
1166,250,115,5,42.61,213.05,25,shipped,store,2026-01-07
2641,527,49,3,unknown,311.46,0,delivered,mobile,2026-04-09
1498,423,132,5,401.85,2009.25,10,delivered,mobile,2025-10-08
2743,187,143,6,220.27,1321.62,10,,store,2026-03-06
2393,306,42,5,38.47,192.35,0,delivered,mobile,2026-03-01
1578,675,67,4,372.01,1488.04,0,cancelled,mobile,31/02/2023
1946,709,71,7,213.82,1496.74,0,cancelled,web,2025-08-19
2130,619,99,5,,2382.15,0,paid,mobile,2026-01-13
1644,779,45,,137.2,411.6,10,new,web,2025-12-04
887,77,148,4,420.61,1682.44,0,paid,  web ,2025-10-06
961,710,20,4,234.11,936.44,10,shipped,store,2026-04-03
1307,604,51,4,181.46,,15,delivered,mobile,2025-09-05
1525,652,145,1,346.64,346.64,5,delivered,web,2025-09-16
2908,721,35,4,460.52,1842.08,15,shipped,partner,2026-04-04
2351,196,113,8,,1781.36,0,shipped,web,2025-08-11
2927,568,47,8,379.02,3032.16,0,cancelled,mobile,2026-01-06
751,195,15,7,438.52,3069.64,0,new,store,2026-01-24
1689,720,74,6,234.63,1407.78,0,paid,web,2025-10-12
2135,73,43,5,172.54,862.7,0,cancelled,mobile,2026-01-10
2622,701,26,8,8.58,68.64,5,delivered,web,2025-10-14
1071,731,74,4,126.06,504.24,0,paid,mobile,2026-04-16
2410,571,67,5,394.76,1973.8,0,delivered,partner,2026-04-10
2604,194,77,7,140.85,985.95,15,delivered,partner,2026-01-03
2711,681,134,1,235.17,235.17,0,cancelled,partner,2026-02-12
2744,702,26,4,467.37,1869.48,0,cancelled,web,2026-07-26
933,461,123,4,172.82,691.28,5,shipped,mobile,2025-12-08
2997,117,85,2,80.18,160.36,10,delivered,web,2023-13-45
2680,491,68,1,460.64,460.64,0,delivered,partner,2025-11-14
777,224,67,7,28.38,198.66,15,delivered,partner,2025-09-16
2140,71,142,4,99.78,399.12,25,delivered,mobile,2025-11-03
2842,338,61,2,458.04,916.08,0,new,partner,2026-06-27
1810,68,88,5,66.93,334.65,15,NEW,,2026-05-08
1106,556,84,1,270.68,270.68,5,paid,,2025-09-16
720,312,4,1,433.88,-433.88,15,  cancelled ,partner,2026-02-14
2115,121,42,5,489.92,2449.6,0,cancelled,web,2026-02-03
968,610,38,6,384.82,2308.92,15,  shipped ,partner,2026-02-26
2237,700,147,3,,179.22,0,paid,mobile,2026-01-04
1222,414,144,4,281.86,1127.44,25,delivered,web,2025-11-19
1757,354,3,5,16.31,81.55,10,paid,web,2026-02-10
786,749,15,3,331.65,994.95,10,new,partner,2026-05-02
2500,86,71,6,178.81,1072.86,0,delivered,web,2026-02-05
2954,741,147,6,140.04,840.24,0,cancelled,web,2025-11-21
2244,570,42,8,262.11,2096.88,0,paid,mobile,2025-10-14
2910,639,97,3,331.97,995.91,15,delivered,store,2026-06-11
667,721,84,2,277.2,554.4,,new,store,2025-10-28
324,447,149,5,314.98,1574.9,15,cancelled,store,2025-12-29
754,713,19,6,121.5,729.0,15,new,store,2026-07-26
2413,120,28,4,176.28,705.12,25,paid,web,2026-07-24
1565,574,143,6,227.59,1365.54,5,shipped,store,2026-02-01
2462,317,10,5,260.63,,15,shipped,mobile,2025-12-18
2745,334,25,1,248.56,248.56,5,new,store,2026-02-24
2259,365,86,2,82.56,165.12,5,paid,partner,2026-06-12
330,377,125,3,89.83,269.49,25,new,partner,2026-01-10
1906,333,115,5,119.07,595.35,0,cancelled,partner,
1435,617,145,4,76.29,305.16,5,new,web,2026-01-17
651,351,124,2,257.28,514.56,15,paid,store,2026-02-03
1843,602,138,3,334.53,-1003.59,5,new,web,2026-03-23
291,331,50,1,58.02,58.02,0,paid,mobile,2025-12-22
1897,444,55,7,93.87,657.09,0,paid,,2025-08-24
1808,669,22,6,154.31,925.86,25,paid,partner,2025-10-13
1668,589,15,8,417.68,-3341.44,0,  paid ,partner,2025-10-28
2151,612,10,6,143.97,863.82,5,  new ,store,2026-01-10
2565,593,63,3,90.96,272.88,25,cancelled,partner,2026-05-15
2594,274,8,,143.28,286.56,10,shipped,mobile,2026-03-10
1929,339,124,1,417.72,417.72,0,shipped,partner,2025-12-03
2058,159,130,1,291.15,291.15,25,shipped,partner,not a date
2735,28,4,7,383.83,2686.81,25,  cancelled ,partner,2026-02-16
1627,707,20,2,26.98,53.96,0,  delivered ,  partner ,2026-02-22
358,549,101,1,447.27,447.27,25,SHIPPED,partner,2026-04-15
461,529,150,3,311.05,933.15,5,paid,web,not a date
2040,116,67,8,455.19,3641.52,5,paid,web,2025-09-30
468,146,103,3,406.68,1220.04,0,cancelled,mobile,2026-05-02
2919,786,80,7,37.82,264.74,5,paid,store,2026-01-30
2701,754,105,2,201.22,402.44,0,,store,2025-08-29
793,294,113,1,111.76,111.76,15,shipped,partner,2026-01-10
182,683,35,2,408.55,817.1,5,paid,web,2025-11-05
2247,495,4,6,261.82,261395.18242362016,15,shipped,mobile,2026-01-24
1347,36,20,8,170.37,1362.96,0,delivered,partner,2026-03-16
2832,683,72,6,123.03,738.18,5,shipped,mobile,2026-05-10
1727,432,102,6,148.4,890.4,10,delivered,store,2026-01-06
111,402,138,6,125.34,752.04,5,shipped,partner,2026-06-23
1227,450,110,4,437.8,1751.2,,delivered,web,2026-01-17
1386,242,145,1,392.72,392.72,5,shipped,web,2026-02-10
150,252,6,,287.5,1725.0,0,new,web,2026-06-02
841,48,143,1,467.77,467.77,10,paid,store,2026-08-07
2200,783,149,4,439.43,1757.72,15,delivered,web,2026-01-27
2133,703,94,5,315.28,1576.4,0,delivered,mobile,2025-12-25
825,550,69,8,349.97,2799.76,15,paid,  web ,2025-08-30
2740,771,47,7,173.28,1212.96,5,delivered,store,2026-07-24
2543,132,107,5,34132.45475708311,2236.15,15,new,partner,2025-08-06
177,786,98,5,398.11,1990.55,0,delivered,partner,2026-01-05
2658,651,2,1,406.59,406.59,25,cancelled,web,2025-12-03
2858,130,122,3,191.71,575.13,25,shipped,web,2025-11-01
14,375,134,6,79.06,474.36,0,delivered,mobile,2025-10-14
2608,209,129,8,unknown,1480.32,0,cancelled,web,2025-12-24
334,41,117,4,178.44,713.76,5,paid,store,2026-04-19
1316,8,101,7,331.33,2319.31,10,cancelled,  web ,2025-12-12
2334,519,133,6,81.67,490.02,10,new,web,2026-01-20
1618,227,80,3,493.64,1480.92,0,paid,,2025-12-12
2994,32,61,3,323.14,969.42,10,new,partner,2025-10-28
496,567,54,5,31.58,157.9,0,delivered,  mobile ,2026-04-18
102,580,147,5,157.27,786.35,10,new,store,2026-07-28
1940,427,93,7,70.7,,5,paid,mobile,2025-12-25
710,393,54,6,262.68,286179.9094430466,0,cancelled,partner,2026-07-24
1841,95,147,,430.55,3013.85,0,delivered,store,not a date
988,381,3,6,170.29,1021.74,10,paid,partner,2026-02-05
834,471,34,3,318.27,954.81,25,new,  web ,2026-06-24
2037,578,20,1,279.09,279.09,0,paid,partner,2025-08-06
1432,554,100,8,7.25,58.0,15,paid,mobile,2025-12-26
668,666,87,7,316.29,2214.03,0,new,store,2025-10-19
1003,740,27,7,409.4,2865.8,0,cancelled,store,2025-09-14
822,124,45,2,494.48,988.96,0,shipped,store,2025-11-20
691,558,92,4,227.02,908.08,25,new,web,2025-12-22
864,387,97,5,120.95,604.75,25,new,mobile,2026-04-29
1383,80,35,4,127.6,510.4,0,cancelled,partner,2026-02-13
1345,426,57,7,39897.16621987406,1155.14,15,cancelled,  store ,2025-09-20
2499,664,127,1,408.14,408.14,15,cancelled,store,2026-01-23
378,787,93,1,380.34,380.34,10,new,partner,2026-03-22
1330,385,96,8,434.69,329330.89551751694,0,paid,partner,2026-04-06
2394,506,127,8,409.73,3277.84,0,shipped,store,2026-02-18
810,486,69,6,329.28,1975.68,5,paid,mobile,2026-03-25
130,360,44,1,341.97,341.97,0,cancelled,mobile,2025-08-08
2962,400,125,3,339.81,1019.43,0,new,mobile,2023-13-45
2697,480,148,6,31.92,191.52,10,new,mobile,2025-09-20
2838,197,37,4,7.69,30.76,15,new,web,2026-04-15
1350,274,55,7,30.17,211.19,25,delivered,,2026-04-04
1626,391,64,6,405.75,2434.5,0,paid,mobile,2026-02-27
1875,556,77,4,149.52,598.08,15,paid,store,2026-05-05
2242,270,50,7,418.77,2931.39,,new,store,2026-05-14
1107,258,62,8,254.87,2038.96,25,new,partner,31/02/2023
2995,352,77,5,50.87,254.35,,delivered,store,2026-05-27
2311,658,15,4,212.93,851.72,25,shipped,mobile,2025-09-24
1801,329,3,5,188.03,940.15,0,new,partner,2026-07-16
2453,788,62,2,397.39,794.78,25,shipped,partner,2026-07-31
1296,62,92,3,367.56,1102.68,0,delivered,partner,2026-06-12
1371,727,10,2,473.49,946.98,10,cancelled,web,2026-06-01
1082,377,137,2,167.67,335.34,0,cancelled,store,2025-12-25
18,177,101,4,,1140.08,0,new,store,2026-06-09
955,438,5,6,N/A,2372.22,15,cancelled,store,2026-03-05
436,6,45,8,497.47,3979.76,25,shipped,web,2026-04-02
2363,717,9,3,289.41,868.23,0,shipped,,2025-11-25
210,675,68,3,276.92,830.76,5,cancelled,WEB,2025-08-12
1933,248,113,4,81.74,326.96,0,cancelled,web,2025-12-23
555,53,27,7,170.75,1195.25,15,paid,  partner ,2025-12-03
201,176,10,3,279.35,838.05,,delivered,mobile,2026-01-26
2024,98,113,7,,3153.64,5,shipped,store,
2551,754,103,8,382.09,3056.72,0,paid,store,2025-10-25
1523,12,28,4,170.02,680.08,,shipped,store,2026-02-04
2496,388,128,5,58.52,292.6,5,,partner,2026-01-04
518,182,41,,170.38,1022.28,5,cancelled,mobile,2026-01-01
1526,739,49,1,323.31,323.31,15,new,partner,2025-10-29
2354,80,58,5,386.01,1930.05,0,new,web,2026-02-07
226,263,115,1,401.55,401.55,0,shipped,web,2026-06-09
1254,247,62,1,401.88,401.88,0,delivered,web,2025-11-23
1612,22,132,7,297.92,2085.44,0,paid,store,2025-09-22
1779,322,105,5,339.04,1695.2,25,shipped,web,2025-11-03
2934,464,125,1,83.58,83.58,10,new,mobile,2026-06-10
209,678,142,6,115.02,690.12,0,paid,web,2025-10-21
2991,692,16,7,114.06,798.42,15,cancelled,partner,2025-08-18
1683,584,71,7,130.98,916.86,5,shipped,mobile,2026-07-18
2540,162,137,7,477.89,3345.23,0,delivered,partner,2025-10-26
237,453,79,3,393.44,1180.32,0,shipped,store,2025-12-19
431,675,71,2,190.92,381.84,0,delivered,web,2026-05-24
2039,558,8,6,419.9,2519.4,10,new,mobile,2025-12-04
163,515,130,4,442.04,1768.16,15,new,store,2026-05-29
2930,243,102,8,71.84,574.72,15,new,mobile,2026-06-28
1658,409,118,5,243.32,1216.6,15,new,mobile,2026-07-10
1193,521,103,8,213.15,1705.2,0,new,mobile,2026-02-16
236,390,125,2,369.43,738.86,10,cancelled,web,2026-05-30
778,181,141,4,323.25,-1293.0,5,paid,web,2026-04-23
2069,484,144,2,29772.415252359024,980.02,0,shipped,mobile,2026-06-11
2619,431,132,2,-80.11,160.22,0,cancelled,web,2026-07-11
2640,713,81,1,496.1,496.1,0,new,web,2025-08-07
2000,410,19,6,31.94,191.64,25,cancelled,WEB,2026-02-25
1238,21,107,8,41864.56020474118,2522.48,0,delivered,partner,2026-03-25
2072,536,66,6,244.24,1465.44,5,paid,mobile,2026-06-24
273,166,141,6,unknown,207.06,15,shipped,mobile,2026-01-04
1393,282,69,6,35.64,213.84,0,shipped,web,2026-05-21
2178,497,90,7,389.7,2727.9,5,delivered,web,2026-05-04
2168,486,47,,340.65,1021.95,0,delivered,store,2025-10-25
52,542,126,1,170.86,170.86,15,new,mobile,2026-02-06
1245,789,12,6,288.31,1729.86,0,delivered,store,2026-07-03
1239,480,7,8,485.0,3880.0,0,shipped,web,2026-07-23
2227,23,84,4,389.5,1558.0,10,delivered,web,2026-03-13
1682,282,100,1,14.22,-14.22,,paid,  web ,2026-04-19
670,640,115,7,78.54,549.78,0,new,web,2026-01-18
1857,545,2,2,260.52,521.04,15,cancelled,web,2026-01-07
2609,444,109,4,,1526.36,,paid,store,2026-02-03
1567,389,119,1,30.11,30.11,5,delivered,mobile,2026-06-04
1268,41,24,6,unknown,1482.54,10,delivered,web,2026-03-12
2859,130,146,2,-251.93,503.86,0,cancelled,partner,2026-04-07
2477,754,118,5,278.87,1394.35,0,cancelled,mobile,2026-03-14
116,577,64,2,492.25,984.5,0,new,partner,2026-04-07
1132,322,34,7,-496.14,3472.98,15,  cancelled ,mobile,2025-08-16
1636,662,107,8,145.35,1162.8,0,shipped,mobile,2026-02-14
2898,269,146,4,99.14,396.56,0,new,mobile,2026-07-06
908,272,59,7,N/A,2477.58,25,delivered,mobile,2026-08-05
2517,331,52,1,134.26,134.26,0,shipped,store,2025-11-13
488,259,48,,313.13,626.26,15,cancelled,store,2026-08-03
1599,444,35,3,304.62,913.86,10,shipped,WEB,2025-11-09
1798,540,81,8,31.92,255.36,5,paid,web,2025-11-27
2814,267,131,2,,281.3,0,DELIVERED,partner,2025-10-16
2894,187,13,8,379.05,,15,new,  web ,2025-10-29
755,61,56,7,367.44,2572.08,5,new,web,2025-10-29
443,80,126,7,200.83,1405.81,15,cancelled,web,2025-08-18
2925,139,147,4,40.78,163.12,0,paid,store,2026-02-02
1214,642,147,2,9.57,19.14,0,new,mobile,2026-07-18
2846,524,117,8,27429.14246766996,1272.16,10,new,mobile,2025-12-13
2220,391,78,6,100.13,600.78,0,paid,mobile,2026-02-24
1118,578,68,8,38.85,310.8,0,cancelled,mobile,2026-06-21
400,74,31,6,417.69,2506.14,5,new,store,2026-06-25
2187,204,105,6,161.46,968.76,0,delivered,web,2026-02-27
2125,130,26,8,478.21,3825.68,5,shipped,mobile,2025-10-19
1365,793,85,3,232.48,697.44,25,delivered,web,2025-10-07
561,159,28,8,481.89,,5,paid,partner,2026-01-13
1897,444,55,7,93.87,657.09,0,paid,,2025-08-24
1956,566,15,5,390.4,1952.0,15,paid,partner,2026-06-30
1480,791,16,5,328.37,1641.85,0,cancelled,mobile,2026-07-27
548,388,89,4,347.21,1388.84,0,shipped,store,2026-02-04
886,402,58,2,293.07,586.14,0,paid,web,2026-07-20
693,204,144,2,250.35,500.7,0,cancelled,store,2026-03-15
2693,493,131,3,unknown,1256.25,0,paid,mobile,2025-09-07
342,548,126,6,253.89,1523.34,25,shipped,store,2026-01-12
2194,16,32,7,89.22,624.54,0,cancelled,mobile,2026-02-14
1806,39,76,7,226.07,1582.49,0,delivered,mobile,2026-04-02
216,745,86,4,289.28,1157.12,0,new,store,2026-06-20
2535,67,96,1,332.73,332.73,15,new,partner,2025-09-23
1756,360,84,4,111.38,445.52,15,cancelled,web,2026-05-25
217,20,52,,96.75,774.0,0,cancelled,mobile,2025-12-22
2743,187,143,6,220.27,1321.62,10,,store,2026-03-06
1067,167,30,7,262.98,1840.86,15,shipped,store,2023-13-45
1414,577,139,8,261.92,2095.36,25,shipped,partner,2026-03-27
1354,140,115,5,42.93,214.65,0,shipped,mobile,
1780,124,1,8,227.93,1823.44,10,new,partner,2026-03-25
158,644,76,1,356.85,-356.85,5,paid,partner,2025-08-19
1837,56,150,4,311.75,-1247.0,5,shipped,web,2025-11-08
1066,718,93,4,271.54,1086.16,10,shipped,partner,2026-02-10
1678,352,16,3,467.57,1402.71,0,,  store ,2026-05-03
2335,672,51,2,499.46,998.92,0,shipped,web,2025-11-29
329,275,115,4,221.74,886.96,0,shipped,mobile,2026-06-04
483,242,19,5,36.55,182.75,0,delivered,web,2026-07-05
388,155,85,2,395.9,791.8,0,delivered,partner,2026-04-18
2820,213,136,3,176.26,528.78,15,shipped,mobile,2026-01-19
1055,42,137,4,466.4,-1865.6,0,delivered,store,2026-07-19
228,149,100,3,419.13,1257.39,0,delivered,mobile,2025-11-05
1407,540,33,6,12.49,74.94,15,delivered,mobile,2026-01-26
1087,741,10,8,270.88,2167.04,5,paid,partner,2025-08-17
1728,126,138,2,unknown,203.54,15,delivered,store,2026-07-25
2511,503,53,5,170.39,851.95,25,delivered,store,2026-06-06
903,530,97,4,457.69,1830.76,0,,mobile,2025-12-21
2913,385,80,8,236.78,1894.24,0,DELIVERED,mobile,2026-06-18
1336,126,56,5,222.98,1114.9,10,delivered,web,2026-07-12
1358,619,123,8,261.09,2088.72,15,new,store,2025-11-04
2223,115,91,1,375.4,375.4,25,shipped,web,2026-03-28
1738,95,22,5,39.54,197.7,10,new,partner,2026-07-17
1649,506,20,5,343.55,1717.75,0,delivered,web,2026-05-28
591,497,2,3,142.47,427.41,0,new,web,2026-06-03
831,756,71,,290.52,2033.64,15,delivered,web,2025-09-13
1385,782,65,2,435.51,871.02,0,delivered,web,2026-04-13
2173,412,84,1,152.32,152.32,0,paid,store,2026-02-17
398,77,78,5,390.6,1953.0,0,cancelled,store,2026-01-15
135,53,126,5,189.5,947.5,5,cancelled,web,2026-06-24
2508,647,121,1,273.0,273.0,5,new,mobile,2025-11-11
1974,193,72,5,,1893.4,0,cancelled,store,2025-08-25
1443,466,71,4,301.12,1204.48,0,new,mobile,2026-07-17
1097,629,42,8,424.34,3394.72,0,shipped,store,2026-06-11
2895,280,67,7,63.19,442.33,15,new,web,2025-12-30
1112,60,116,1,77.52,77.52,0,delivered,web,2025-10-19
902,59,121,7,7.68,53.76,15,shipped,partner,2025-09-07
840,791,94,5,468.52,2342.6,0,new,partner,2026-06-02
348,34,1,4,87.5,350.0,5,delivered,mobile,2025-10-05
1540,438,83,8,50.1,400.8,5,new,mobile,2026-03-25
1854,693,107,2,130.04,260.08,5,paid,web,2025-09-15
1103,84,125,3,198.99,596.97,25,cancelled,partner,2026-06-01
2113,65,146,5,113.89,,5,shipped,web,2025-08-27
1794,8,144,5,210.74,1053.7,0,paid,store,2026-03-06
2939,514,28,6,375.84,2255.04,15,shipped,mobile,2026-03-07
2799,612,65,8,52.66,421.28,25,shipped,mobile,2025-10-16
21,333,131,2,411.52,823.04,0,new,store,2025-09-19
2021,800,102,2,unknown,228.22,0,new,store,2026-02-15
881,290,87,4,479.47,1917.88,0,delivered,partner,2025-11-17
437,180,60,6,293.94,1763.64,0,cancelled,mobile,2026-02-21
266,464,85,1,421.99,421.99,0,cancelled,web,2026-07-20
977,590,42,3,442.74,1328.22,0,shipped,partner,2025-12-21
1467,559,35,2,159.48,318.96,0,delivered,partner,2026-08-03
2015,624,17,4,24.71,98.84,0,new,web,2026-04-03
2292,582,112,3,380.65,1141.95,0,paid,MOBILE,2026-03-03
568,173,6,3,129.9,389.7,0,paid,web,2026-01-31
1734,341,76,4,483.32,1933.28,10,delivered,mobile,2025-08-11
2391,124,135,8,65.25,522.0,0,cancelled,mobile,2026-02-03
844,205,2,8,482.19,3857.52,10,delivered,store,2025-12-05
2750,239,132,6,51.87,311.22,5,shipped,store,2026-06-14
1665,40,77,2,61.18,122.36,10,shipped,store,not a date
1878,113,111,4,289.58,1158.32,15,delivered,web,2026-03-10
2920,458,46,4,-183.65,734.6,25,paid,mobile,2025-09-26
507,522,48,6,,2777.34,0,paid,partner,2026-06-12
2590,777,48,5,364.71,1823.55,0,paid,store,2026-02-27
1348,601,100,2,206.1,412.2,0,  shipped ,mobile,2026-03-12
1637,145,105,2,432.27,864.54,0,cancelled,partner,2025-11-01
1267,289,54,1,46.06,46.06,5,delivered,store,2026-02-27
2249,33,76,2,245.1,490.2,25,paid,partner,2026-06-02
251,442,75,7,46.79,327.53,0,new,partner,2025-11-20
148,45,39,4,328.2,1312.8,0,delivered,store,2026-06-10
1028,244,26,4,99.87,399.48,5,paid,web,2025-12-07
107,733,133,7,19.67,137.69,0,new,store,2025-09-01
2875,305,55,4,305.47,1221.88,0,new,mobile,2026-03-20
117,516,95,6,456.55,2739.3,25,shipped,store,2026-06-28
2599,756,148,5,309.68,1548.4,0,shipped,partner,2025-08-10
2716,264,111,4,33.56,134.24,25,delivered,mobile,2026-01-16
2280,197,116,4,163.67,654.68,0,NEW,partner,2026-03-22
1105,721,117,3,152.32,456.96,25,cancelled,web,2025-11-21
469,797,114,4,106.29,425.16,10,shipped,partner,2026-05-11
641,327,77,8,105.25,842.0,10,delivered,partner,2026-08-06
940,380,91,7,396.5,2775.5,5,  cancelled ,mobile,2025-08-21
146,431,147,4,399.77,1599.08,5,new,store,
2212,579,96,5,108.86,544.3,15,DELIVERED,store,2025-10-06
1049,253,12,2,292.74,585.48,25,shipped,store,2025-12-16
857,410,72,4,426.5,1706.0,10,paid,partner,2025-12-18
660,304,139,6,453.06,,0,NEW,partner,2025-11-20
979,265,113,6,236.47,1418.82,5,cancelled,partner,
23,504,62,5,110.98,554.9,0,  delivered ,partner,2026-02-26
1507,49,79,6,203.32,1219.92,5,paid,web,2025-11-22
1203,620,132,4,441.79,1767.16,25,delivered,,2026-01-20
843,618,28,7,332.72,2329.04,5,shipped,web,2026-01-15
681,401,27,3,69.43,208.29,15,cancelled,mobile,2025-12-04
2876,426,120,2,301.0,602.0,0,paid,web,2026-07-23
544,553,100,4,492.39,1969.56,0,CANCELLED,partner,2025-11-14
2553,437,127,7,258.44,1809.08,25,shipped,WEB,2025-09-27
1813,619,97,5,220.88,1104.4,10,delivered,store,2026-05-23
1676,139,46,6,26.01,156.06,5,new,web,2026-05-12
911,544,26,8,407.81,3262.48,0,cancelled,web,2025-10-16
2236,236,8,8,309.19,2473.52,25,shipped,partner,2026-02-01
2516,204,62,3,233.7,154154.05623503827,5,shipped,,2026-07-31
615,357,60,6,26.06,156.36,10,shipped,web,2026-06-04
950,760,134,7,78.41,548.87,5,paid,store,2025-10-22
1219,749,112,6,350.1,2100.6,25,delivered,web,2025-11-02
2818,745,9,6,488.46,,0,paid,partner,2025-12-08
2953,208,1,3,23.74,71.22,5,cancelled,web,2025-11-01
2888,540,65,7,127.17,890.19,0,cancelled,web,2025-09-20
381,251,68,,139.63,837.78,0,shipped,mobile,2026-01-19
2812,763,21,7,183.82,1286.74,0,new,partner,2026-01-20
1964,232,102,8,392.35,3138.8,5,new,web,2026-06-09
2346,782,85,,329.55,329.55,0,delivered,mobile,2025-08-16
412,776,136,4,58.41,233.64,15,cancelled,mobile,2026-05-26
748,11,97,2,82.88,165.76,0,DELIVERED,,2026-02-08
802,684,133,2,40.92,81.84,0,shipped,mobile,2025-11-09
195,600,94,2,156.12,312.24,0,paid,partner,2026-04-22
1181,596,66,2,87.87,175.74,15,cancelled,store,2025-12-24
743,157,112,8,358.96,2871.68,0,new,partner,2026-04-20
2813,796,134,8,,364.88,0,new,web,2025-12-22
1957,337,149,7,23.72,166.04,15,paid,mobile,2026-04-12
88,191,12,5,174.6,-873.0,25,paid,partner,2026-04-04
240,644,91,7,499.83,3498.81,0,shipped,mobile,2025-10-09
2616,18,47,2,23.94,47.88,,delivered,  partner ,2025-11-25
2643,647,86,2,270.02,540.04,0,paid,web,2025-12-27
2202,746,11,8,349.35,,0,new,web,2025-09-07
1603,274,60,6,363.74,2182.44,10,cancelled,partner,2026-03-19
1783,249,111,1,164.88,164.88,0,cancelled,store,2025-10-30
1280,779,48,8,107.72,861.76,5,new,partner,2025-10-04
601,490,128,4,26.05,104.2,5,paid,partner,2026-03-11
2285,735,2,8,137.39,1099.12,10,paid,store,2026-07-09
791,618,61,2,478.89,957.78,25,new,store,2026-05-14
1649,506,20,5,343.55,1717.75,0,delivered,web,2026-05-28
2639,212,93,,354.34,1063.02,0,new,web,2026-04-19
1623,442,77,7,109.03,763.21,0,new,store,2026-04-11
679,140,71,,237.42,1661.94,0,PAID,store,2026-03-12
384,331,129,4,377.56,1510.24,15,new,partner,
1710,296,54,7,290.74,2035.18,15,delivered,  web ,2025-08-07
1104,238,115,8,461.08,3688.64,0,,web,2026-04-01
1737,221,46,3,246.21,738.63,15,shipped,mobile,2026-03-17
2817,471,137,4,265.56,1062.24,0,new,,2025-10-28
2076,205,82,8,46.62,372.96,5,new,store,2025-12-07
2243,50,141,8,13.33,106.64,0,new,mobile,2026-03-29
1640,399,21,8,494.76,3958.08,0,new,web,2026-04-04
2973,631,12,7,24.22,169.54,15,delivered,web,2026-03-14
59,147,95,3,158.99,109205.67768616694,10,new,web,2026-03-15
2431,574,74,8,337.07,2696.56,10,cancelled,web,2025-09-08
112,100,17,3,490.66,1471.98,0,delivered,mobile,2026-02-21
166,1,9,7,202.1,1414.7,0,delivered,store,2025-09-12
2284,317,25,6,299.88,1799.28,25,new,partner,2023-13-45
2965,726,97,1,17.88,17.88,5,paid,store,2025-09-22
1831,298,101,3,411.52,1234.56,5,shipped,web,2026-01-07
690,31,89,8,,2397.76,15,cancelled,mobile,2026-05-10
1377,730,127,,-58.81,176.43,0,new,web,2026-02-11
2987,566,100,8,192.44,1539.52,10,delivered,web,2026-03-04
814,721,40,2,419.46,838.92,0,new,web,2026-04-21
2810,144,78,6,412.07,2472.42,5,paid,web,2025-08-08
372,475,93,8,410.86,3286.88,0,cancelled,store,
1820,424,27,3,76.11,228.33,15,new,,2025-12-14
2852,765,87,7,424.86,2974.02,25,shipped,mobile,31/02/2023
2390,640,59,8,88.71,709.68,5,cancelled,web,
1856,292,28,2,465.65,931.3,0,paid,WEB,2025-10-01
1775,377,91,6,87.73,526.38,15,new,partner,2026-08-06
1085,257,127,1,218.72,218.72,,,mobile,2026-07-26
2349,430,68,6,164.23,985.38,0,cancelled,partner,2023-13-45
1768,699,128,3,88.35,265.05,10,paid,store,2026-02-01
1447,633,90,6,420.72,2524.32,10,  new ,partner,0000-00-00
787,205,47,2,380.03,760.06,5,cancelled,store,2025-11-09
1892,594,75,1,11.49,11.49,15,new,web,2025-09-25
883,537,125,5,363.88,1819.4,0,new,store,2026-03-22
1663,386,117,1,50.82,50.82,10,shipped,partner,2026-07-16
1019,754,64,4,364.94,1459.76,5,paid,web,2026-03-02
1898,382,3,4,325.04,1300.16,25,CANCELLED,partner,2025-12-24
6,156,3,6,258.43,1550.58,15,cancelled,partner,2025-11-23
224,226,62,5,353.22,1766.1,5,shipped,mobile,2025-09-17
918,585,123,1,412.35,412.35,0,shipped,partner,2026-05-25
1707,484,65,4,401.69,1606.76,0,delivered,mobile,2026-01-09
67,169,45,2,291.92,583.84,0,shipped,partner,2026-04-07
2536,176,107,3,488.07,1464.21,10,shipped,WEB,2025-08-18
203,265,100,2,311.39,622.78,25,new,partner,2026-06-14
1919,433,90,3,331.77,995.31,0,shipped,web,2025-11-01
1849,689,143,,40.32,-322.56,5,delivered,web,2025-10-07
2112,530,18,2,410.53,821.06,10,new,partner,2023-13-45
2787,560,87,7,56.52,395.64,0,cancelled,partner,2025-08-26
456,128,35,1,422.69,422.69,5,new,mobile,2026-06-15
879,163,106,2,113.45,226.9,5,delivered,partner,2026-02-26
1146,540,34,1,474.87,474.87,0,new,store,2026-06-27
2783,586,11,7,199.73,1398.11,10,shipped,web,2026-02-24
2467,762,31,4,289.98,1159.92,0,shipped,web,2026-07-17
156,426,104,5,458.77,2293.85,5,delivered,store,
1718,365,8,1,323.01,323.01,0,shipped,mobile,2026-08-04
2067,662,95,3,460.67,1382.01,25,paid,store,2025-11-11
1295,204,12,6,322.49,1934.94,0,paid,store,2025-10-04
2504,248,107,3,246.69,740.07,5,shipped,web,2025-12-01
1059,259,74,7,354.13,2478.91,15,paid,mobile,2026-01-02
763,695,145,4,94.9,379.6,0,cancelled,web,2026-03-12
781,71,15,6,495.53,2973.18,5,delivered,web,2025-09-02
2839,340,70,5,376.46,1882.3,5,cancelled,store,2026-06-26
475,322,131,6,,2492.04,0,shipped,mobile,2025-11-10
2241,452,35,6,358.74,2152.44,5,shipped,web,2025-12-04
1421,339,129,1,406.66,406.66,15,delivered,web,
2742,265,142,7,281.92,1973.44,10,cancelled,web,2025-11-06
1531,782,106,8,288.54,2308.32,15,new,,2025-09-11
1351,164,150,4,179.47,717.88,0,new,web,2025-11-16
2323,725,84,1,468.62,468.62,15,shipped,mobile,2025-10-12
2155,319,39,1,185.32,185.32,25,delivered,store,2025-10-03
2108,709,91,4,418.46,1673.84,10,cancelled,partner,2025-12-24
2533,16,57,7,407.5,2852.5,0,,mobile,2025-08-28
374,641,140,7,250.06,1750.42,25,delivered,partner,2026-01-09
1072,662,12,6,439.86,2639.16,0,cancelled,web,2026-03-20
1084,271,68,4,51.69,206.76,10,delivered,,2026-05-13
1905,469,28,6,120.76,724.56,25,shipped,web,2025-12-25
355,245,141,5,335.46,1677.3,15,delivered,mobile,2026-07-29
2835,566,101,7,87.12,609.84,15,new,partner,2025-10-31
1440,421,122,1,221.59,221.59,15,paid,web,2025-12-11
476,554,43,7,399.39,2795.73,5,cancelled,partner,2025-12-26
1495,446,9,1,125.81,125.81,25,shipped,web,2025-08-26
54,632,13,5,226.48,1132.4,0,paid,web,2026-04-15
1858,685,4,8,113.1,904.8,25,delivered,store,2026-03-27
1008,493,122,1,67.78,67.78,5,new,mobile,2026-06-10
1048,554,95,6,198.04,1188.24,0,cancelled,store,2026-06-22
2736,99,110,5,56.3,281.5,0,delivered,mobile,2026-04-29
2199,97,131,4,121.84,487.36,15,shipped,partner,2026-01-28
89,463,91,5,71.45,357.25,0,delivered,mobile,2026-03-27
1158,486,93,7,138.64,970.48,15,cancelled,partner,2025-12-24
78,794,146,7,354.3,2480.1,0,delivered,web,2025-09-19
1824,752,25,5,41.35,206.75,10,cancelled,mobile,2026-04-13
2597,245,19,2,395.74,791.48,25,NEW,partner,2026-07-16
272,235,89,7,163.25,1142.75,0,cancelled,web,2025-09-11
1378,137,9,4,482.97,1931.88,0,paid,store,2026-01-01
1560,704,67,1,448.45,448.45,10,delivered,web,2025-11-03
1538,39,89,7,,2987.6,25,new,PARTNER,2025-08-25
2605,399,63,6,187.22,1123.32,0,paid,partner,2025-09-28
269,532,149,5,460.17,2300.85,10,delivered,mobile,2026-03-15
1191,447,122,4,310.07,1240.28,25,new,store,2026-01-16
457,241,124,5,36.95,184.75,0,new,partner,2026-07-31
1513,414,23,6,281.97,269295.0044885463,,cancelled,partner,2025-09-24
1176,163,34,1,363.84,363.84,0,new,store,2025-08-31
1519,353,141,4,290.69,1162.76,5,new,store,2023-13-45
2085,237,92,7,172.96,1210.72,5,cancelled,store,2025-09-27
1169,394,109,8,226.25,1810.0,15,shipped,web,2025-12-17
2035,795,71,2,70.89,141.78,10,cancelled,web,2025-10-23
1693,734,43,2,272.14,544.28,25,SHIPPED,store,2026-05-15
735,204,20,5,67.12,335.6,,paid,web,2026-07-14
2102,94,76,8,468.84,3750.72,5,new,web,2025-09-08
1128,666,17,6,431.76,,5,new,store,2025-09-03
1803,772,118,7,448.58,3140.06,0,cancelled,web,2026-06-19
1384,76,95,3,55.43,166.29,0,paid,web,2025-12-03
1970,668,143,2,378.26,756.52,15,paid,mobile,2026-05-16
1241,322,93,6,340.56,2043.36,15,new,store,2026-01-08
1458,616,112,2,278.11,556.22,0,delivered,partner,2026-02-28
1426,269,118,8,451.23,3609.84,0,cancelled,web,2025-10-05
2741,255,109,1,393.17,393.17,5,cancelled,  web ,2026-01-12
2717,475,94,4,202.36,809.44,15,delivered,mobile,2025-09-22
2163,789,128,4,466.34,1865.36,0,paid,partner,2026-05-20
645,219,53,2,293.57,587.14,10,cancelled,mobile,2026-05-11
1539,345,32,6,44.47,266.82,25,  new ,partner,2026-03-13
401,482,70,4,337.56,1350.24,5,new,partner,2025-09-30
459,382,137,4,27.77,111.08,,shipped,store,2025-12-29
1057,541,76,6,6.98,41.88,5,shipped,web,2025-08-16
261,553,149,7,308.21,2157.47,0,delivered,partner,2025-09-27
1192,531,6,3,-348.87,1046.61,0,new,store,2026-05-18
598,168,96,8,484.79,3878.32,25,paid,mobile,2025-08-15
1230,351,19,4,213.64,854.56,0,shipped,mobile,2026-01-16
500,256,96,7,unknown,2340.03,10,delivered,partner,2025-08-10
2899,30,71,7,305.21,2136.47,0,delivered,web,2025-10-29
2754,615,66,4,208.65,834.6,15,cancelled,store,2025-10-28
2938,162,5,8,235.03,1880.24,25,delivered,mobile,2026-05-18
2706,562,19,6,305.82,1834.92,10,new,store,2026-03-20
235,154,135,6,294.55,1767.3,0,,partner,2026-04-30
424,474,111,5,440.31,2201.55,0,new,mobile,2026-07-12
462,83,37,3,392.51,1177.53,0,shipped,web,2026-04-21
275,180,96,2,423.71,847.42,25,shipped,mobile,2025-12-25
2712,323,131,6,370.03,2220.18,0,NEW,mobile,2026-02-06
1765,112,32,3,158.9,476.7,0,delivered,partner,2026-04-12
2982,165,95,8,466.37,3730.96,0,shipped,partner,2026-08-04
346,666,52,7,451.58,3161.06,0,new,store,2026-01-15
2375,414,123,6,330.21,1981.26,0,paid,partner,2025-11-23
1908,156,136,7,357.91,2505.37,0,paid,partner,2026-06-05
699,284,95,6,365.19,2191.14,0,new,mobile,2026-05-12
2377,793,126,6,34.39,206.34,0,cancelled,mobile,2026-03-24
2676,701,118,6,28.36,170.16,,paid,mobile,2025-08-21
612,312,144,2,77.2,154.4,25,delivered,partner,2026-03-25
1720,223,34,3,127.11,381.33,15,,mobile,2026-02-07
1357,119,64,6,201.49,1208.94,5,shipped,store,2025-08-26
2485,163,87,,349.23,349.23,25,paid,store,2025-10-16
557,571,6,1,359.03,359.03,25,delivered,  store ,2025-11-18
957,619,88,4,74.45,297.8,10,new,partner,2026-08-04
2238,541,46,4,-204.52,818.08,0,shipped,web,2026-04-23
944,756,21,4,280.52,1122.08,25,shipped,web,2025-12-14
1207,401,113,4,236.18,-944.72,25,new,STORE,2025-12-12
664,677,68,2,174.7,349.4,0,new,mobile,2026-04-19
1424,400,55,5,354.1,1770.5,10,delivered,store,2026-06-29
741,608,73,4,147.62,590.48,10,new,partner,2025-10-07
1492,288,93,1,141.46,141.46,0,  new ,mobile,2026-05-24
1679,545,88,2,261.09,522.18,5,new,mobile,2025-09-30
2940,800,106,8,100.9,807.2,0,delivered,web,2026-02-23
2088,151,20,4,287.38,1149.52,5,new,partner,2025-09-19
1483,546,113,8,86.95,695.6,0,delivered,store,2026-03-05
686,632,81,5,336.39,1681.95,0,shipped,mobile,2025-12-16
1685,13,10,1,N/A,334.14,5,shipped,mobile,2026-07-05
2274,172,86,7,376.53,2635.71,15,shipped,partner,2025-10-14
2573,771,25,6,432.22,2593.32,0,delivered,mobile,2025-09-13
1065,46,132,6,52.52,315.12,10,cancelled,mobile,2025-11-18
2380,792,108,4,312.01,1248.04,0,shipped,store,2025-10-22
960,44,4,3,114.19,-342.57,15,new,web,2026-04-16
1404,13,146,6,205.29,,25,paid,partner,2025-11-12
1536,667,39,1,126.27,126.27,15,cancelled,store,2026-02-15
1078,134,80,1,214.4,214.4,0,cancelled,partner,2026-04-23
737,793,32,7,64.97,454.79,5,delivered,store,2026-01-04
1923,367,82,5,119.74,598.7,0,shipped,store,2026-04-12
2332,511,80,3,192.24,576.72,10,new,web,2026-08-04
1832,377,150,4,219.05,876.2,0,cancelled,store,2025-10-20
767,610,144,7,,1667.4,0,new,web,2025-11-10
2077,523,58,4,432.39,1729.56,10,shipped,web,2025-11-15
1326,690,52,8,unknown,1646.72,0,cancelled,web,2026-03-31
1904,5,77,2,-234.55,469.1,0,delivered,partner,2025-11-03
850,476,63,6,N/A,1137.24,25,paid,mobile,2026-07-19
2877,545,23,3,64.95,,25,,mobile,2025-09-07
773,197,150,7,321.0,2247.0,10,shipped,partner,2026-07-24
897,728,48,1,92.1,92.1,,,store,2026-03-03
1438,294,136,2,310.37,620.74,0,paid,web,2026-05-07
1289,254,40,6,363.99,2183.94,5,delivered,store,2026-07-30
2937,381,11,8,304.08,2432.64,0,cancelled,store,not a date
1222,414,144,4,281.86,1127.44,25,delivered,web,2025-11-19
249,588,71,1,340.76,340.76,0,delivered,web,2026-07-17
543,166,4,6,395.72,2374.32,0,shipped,store,2025-09-05
2041,268,118,3,476.18,1428.54,15,new,web,2026-06-13
294,705,111,2,164.59,329.18,10,cancelled,partner,2025-08-19
1200,734,146,3,49781.871928127766,,0,new,WEB,2026-03-02
520,97,134,7,419.12,2933.84,0,new,partner,2025-08-30
2872,687,141,3,478.17,1434.51,5,paid,store,
880,10,23,7,59.07,413.49,0,cancelled,web,2026-03-26
878,317,102,5,,201.65,25,cancelled,web,2025-11-09
1394,290,6,4,448.54,1794.16,5,new,mobile,0000-00-00
1468,33,105,8,127.12,1016.96,25,  new ,web,2026-03-01
1979,6,50,1,111.31,111.31,5,paid,store,not a date
1502,454,123,4,10.85,43.4,10,new,mobile,2025-09-11
2949,519,82,6,151.28,907.68,10,DELIVERED,store,2025-08-14
442,11,11,2,132.24,264.48,25,delivered,  store ,2025-10-07
1249,749,61,2,80.51,161.02,0,new,mobile,2026-05-11
274,124,101,4,115.15,349019.01133245457,5,delivered,mobile,2026-05-09
1246,446,97,1,144.42,-144.42,0,CANCELLED,store,2026-01-20
1504,155,101,2,113.81,227.62,25,cancelled,partner,2026-02-28
576,256,113,7,389.17,2724.19,0,cancelled,web,2025-12-05
240,644,91,7,499.83,3498.81,0,shipped,mobile,2025-10-09
2357,362,52,3,341.5,1024.5,15,shipped,web,2026-07-20
371,565,148,3,439.21,1317.63,10,shipped,web,2026-07-16
2550,18,19,6,194.1,1164.6,5,new,store,31/02/2023
2322,484,17,1,475.86,475.86,0,cancelled,partner,2026-06-02
42,264,65,5,370.93,1854.65,0,CANCELLED,partner,2025-09-25
191,451,22,1,402.23,402.23,15,paid,mobile,2025-08-31
1581,72,136,2,224.24,448.48,5,shipped,mobile,2026-01-16
1228,790,63,3,430.21,1290.63,0,delivered,mobile,2026-02-16
1674,592,69,2,225.83,352461.433875839,10,paid,mobile,2025-09-14
1408,325,140,4,21.85,87.4,15,shipped,web,2025-11-01
1038,367,69,5,74.23,371.15,0,new,,2025-10-11
2017,65,34,5,423.66,2118.3,0,shipped,web,2026-06-08
758,566,100,7,165.12,,15,shipped,partner,
2563,603,20,1,277.72,,0,new,mobile,2026-01-08
1950,192,69,6,17.31,103.86,0,new,web,2025-12-28
1017,481,125,5,438.01,2190.05,5,paid,web,2026-07-20
395,354,87,2,91.16,182.32,25,shipped,mobile,2025-12-07
2287,416,63,8,24.75,198.0,25,  cancelled ,store,2026-07-12
1657,486,1,7,30.83,215.81,10,paid,partner,2026-06-24
14,375,134,6,79.06,474.36,0,delivered,mobile,2025-10-14
335,776,112,1,385.59,385.59,5,shipped,store,2026-04-29
1981,11,111,6,337.5,2025.0,25,new,mobile,2025-11-04
1583,373,81,1,341.78,341.78,15,new,mobile,2026-03-30
485,494,16,6,54.14,324.84,15,new,web,2026-07-05
703,42,56,1,230.96,230.96,5,new,partner,2026-04-11
1616,16,15,6,320.99,1925.94,0,DELIVERED,mobile,2025-10-28
449,682,55,4,210.78,843.12,10,cancelled,web,2025-10-26
2566,76,12,4,492.07,1968.28,10,new,store,2026-05-17
536,291,74,5,402.07,2010.35,25,paid,partner,2025-09-15
1147,411,1,2,48.23,96.46,5,CANCELLED,mobile,2026-04-07
367,784,4,2,35.68,71.36,5,cancelled,mobile,2026-03-26
129,306,37,5,70.67,353.35,,delivered,web,2026-05-12
1572,47,16,2,155.71,311.42,5,delivered,store,2026-07-03
1092,644,58,2,386.95,773.9,15,paid,mobile,2025-10-05
2513,421,82,5,167.79,838.95,15,shipped,partner,2025-09-06
971,631,53,7,109.39,765.73,25,cancelled,mobile,2025-09-28
76,643,56,3,78.86,236.58,25,delivered,,2026-06-27
250,481,6,7,302.13,2114.91,0,delivered,store,2025-12-11
2451,128,68,3,330.52,991.56,0,shipped,store,2025-11-02
1036,81,49,3,299.79,899.37,5,paid,,2025-08-14
1374,408,39,8,359.44,2875.52,10,cancelled,web,2026-01-20
1278,457,149,7,312.38,2186.66,,new,store,2026-04-15
1125,710,143,7,201.1,1407.7,0,delivered,store,2026-03-07
2398,332,122,1,187.43,187.43,0,new,store,2025-11-06
884,794,37,5,361.95,,25,cancelled,store,2025-08-27
811,7,149,8,89.19,713.52,10,cancelled,partner,2026-06-05
2501,535,81,2,323.43,646.86,5,shipped,partner,2026-03-22
2344,383,108,4,266.26,1065.04,0,paid,partner,2026-06-06
2704,497,144,3,299.51,898.53,0,new,mobile,2025-11-29
958,15,125,4,307.73,1230.92,10,,mobile,2026-03-01
2519,18,127,1,471.93,471.93,25,cancelled,store,2026-01-11
2549,464,2,6,106.89,641.34,0,new,store,2026-05-18
1615,546,55,2,201.67,403.34,15,new,store,2025-09-05
2404,654,44,4,191.76,767.04,5,new,store,2026-04-02
619,386,134,8,329.61,2636.88,5,shipped,mobile,2026-02-14
2216,726,31,1,,,15,delivered,web,2025-10-22
2686,489,24,1,161.18,161.18,0,delivered,web,2025-12-14
73,177,135,7,166.22,1163.54,10,cancelled,store,2025-09-30
856,612,24,5,266.58,1332.9,5,cancelled,web,2026-05-14
869,251,123,7,158.39,-1108.73,25,paid,mobile,2026-06-04
1941,7,97,3,307.98,923.94,10,cancelled,mobile,2025-10-30
2757,446,112,5,9.69,-48.45,5,delivered,store,2025-11-18
1774,466,14,5,127.3,636.5,25,paid,store,2025-12-28
2042,774,9,8,433.1,3464.8,10,delivered,mobile,2026-07-28
549,456,70,7,467.47,3272.29,25,delivered,partner,2025-09-18
157,203,55,6,493.83,2962.98,5,shipped,web,
1887,613,109,1,205.49,205.49,0,shipped,mobile,2026-08-01
2634,228,46,8,224.6,1796.8,10,shipped,web,2026-04-10
2312,245,65,6,-108.23,649.38,25,new,  store ,2026-07-06
1113,162,114,5,355.39,1776.95,0,new,mobile,2025-12-31
1974,193,72,5,,1893.4,0,cancelled,store,2025-08-25
2596,432,135,3,156.13,468.39,0,new,web,2026-03-02
676,202,69,2,60.37,120.74,10,  paid ,web,2026-07-31
727,436,128,7,67.34,471.38,0,cancelled,  store ,2026-05-28
2795,579,75,8,249.67,,,new,  mobile ,2025-09-23
824,25,103,5,220.66,1103.3,15,  paid ,store,2026-02-04
1381,132,2,3,60.08,180.24,0,cancelled,partner,2026-06-02
2828,695,49,8,130.95,1047.6,10,shipped,partner,2025-11-28
2861,331,60,6,129.06,774.36,10,cancelled,WEB,2026-04-08
90,415,134,8,357.43,2859.44,0,CANCELLED,web,2026-01-03
1287,480,118,8,274.2,2193.6,0,cancelled,partner,2025-09-21
577,576,115,5,75.05,375.25,0,new,partner,2025-10-31
453,660,62,8,409.36,3274.88,0,new,mobile,2025-11-03
1331,47,74,7,421.84,2952.88,5,new,store,2025-10-28
2007,62,82,8,158.18,1265.44,5,shipped,store,2025-12-09
1020,203,82,3,162.38,487.14,0,shipped,web,2026-04-15
396,542,15,2,473.97,947.94,0,delivered,mobile,2025-09-08
2515,262,66,6,121.11,726.66,0,delivered,partner,2026-06-23
2210,581,141,1,285.05,285.05,0,cancelled,partner,
35,88,105,2,432.36,864.72,0,paid,store,2026-01-05
1022,500,136,8,257.48,2059.84,0,cancelled,partner,2026-04-08
851,427,15,1,417.07,417.07,0,cancelled,mobile,2023-13-45
1397,634,53,1,491.74,491.74,5,shipped,mobile,2025-09-16
790,758,57,6,305.04,1830.24,25,  delivered ,mobile,2026-01-04
2152,691,56,3,33.96,101.88,25,paid,partner,2026-06-18
1159,405,58,5,188.3,941.5,0,new,store,2025-12-26
1528,378,84,2,246.52,493.04,0,paid,store,2026-07-02
2026,648,20,5,328.03,1640.15,5,  shipped ,partner,2025-10-11
1050,356,57,8,107.29,858.32,25,shipped,mobile,2025-10-18
2906,528,124,8,286.96,2295.68,5,delivered,partner,2026-07-10
1717,9,142,5,255.47,1277.35,10,paid,web,2026-05-22
2947,542,28,4,473.17,1892.68,0,new,web,2025-10-16
761,769,41,7,375.45,2628.15,0,  paid ,mobile,2026-05-05
2731,782,138,4,70.17,280.68,0,cancelled,mobile,2025-09-29
1534,174,139,8,,570.72,0,cancelled,partner,2026-01-23
1,205,19,6,433.06,2598.36,25,cancelled,web,2026-05-02
2770,376,127,4,160.74,642.96,,new,web,2026-06-21
624,3,119,1,455.99,455.99,0,shipped,mobile,2026-01-11
1552,775,35,5,37.78,188.9,10,cancelled,store,2026-02-12
1455,87,13,8,156.14,1249.12,0,paid,store,2026-01-01
323,96,11,8,,2790.96,10,delivered,partner,2026-08-06
1130,664,146,4,N/A,139.68,,cancelled,partner,2026-04-08
621,92,106,4,32.77,131.08,0,shipped,partner,2026-03-06
289,339,118,8,28.16,225.28,25,shipped,store,2026-02-16
104,512,59,4,438.9,1755.6,0,cancelled,partner,2023-13-45
2474,589,31,7,296.14,2072.98,25,new,partner,2026-08-04
3,143,89,8,185.65,1485.2,0,,mobile,2025-08-16
2217,477,8,2,,296.38,5,cancelled,partner,2026-01-11
2219,402,5,4,275.28,1101.12,0,delivered,store,2025-12-31
2424,683,86,6,230.51,1383.06,25,shipped,store,2026-07-30
1236,532,137,6,237.11,1422.66,0,  paid ,partner,2026-05-07
2850,784,35,5,128.22,641.1,5,new,partner,2026-03-30
970,706,6,3,unknown,1143.45,5,paid,,2026-04-20
713,521,30,2,342.55,685.1,10,SHIPPED,partner,2025-12-02
2968,435,58,5,172.29,861.45,,new,web,2025-11-29
973,402,97,2,,90.9,5,paid,store,2025-10-21
951,185,69,3,236.38,709.14,25,paid,MOBILE,2025-09-20
284,722,91,7,311.81,2182.67,0,new,store,2025-10-27
807,363,61,3,-101.15,303.45,10,new,mobile,2026-06-22
854,616,82,2,340.01,680.02,0,paid,web,2026-01-19
2893,633,52,1,246.7,246.7,0,paid,store,2025-10-06
540,137,99,1,358.05,358.05,0,cancelled,web,2025-10-14
2610,506,56,5,21.78,108.9,25,new,web,2025-10-09
2384,97,63,6,27.65,165.9,0,cancelled,mobile,2026-01-21
2975,513,17,5,438.79,2193.95,0,  paid ,store,2026-01-14
2763,78,105,1,388.11,388.11,5,shipped,partner,2026-06-01
2110,421,31,3,427.75,1283.25,0,paid,mobile,2026-04-25
2581,639,45,2,58.87,117.74,25,shipped,,2026-06-22
438,466,121,3,392.72,1178.16,0,shipped,partner,2025-09-18
506,32,106,4,383.02,1532.08,0,delivered,web,2025-12-11
2381,494,85,8,287.94,2303.52,25,  shipped ,partner,2025-09-17
1771,324,109,7,414.99,2904.93,0,shipped,mobile,2026-03-29
1926,757,124,7,434.8,3043.6,0,paid,mobile,2026-05-25
1338,110,63,7,446.19,3123.33,10,delivered,web,2026-07-07
1961,415,37,3,87.85,263.55,0,cancelled,store,2026-06-28
1419,66,85,5,195.63,978.15,25,delivered,partner,2025-11-18
1396,791,25,7,17.74,124.18,0,DELIVERED,partner,2025-12-23
219,431,113,2,456.36,912.72,0,cancelled,store,2026-04-20
1819,797,117,3,437.35,1312.05,0,paid,store,2025-09-14
2338,519,89,2,218.35,436.7,0,shipped,web,2025-09-07
912,207,129,3,207.3,621.9,0,new,store,2026-04-04
1479,359,106,4,216.08,864.32,10,shipped,web,2025-12-04
2635,418,131,3,275.48,826.44,15,paid,partner,2026-06-14
2295,647,37,4,128.06,512.24,0,delivered,mobile,2025-11-08
1189,617,62,2,453.57,907.14,0,shipped,partner,2025-09-09
1749,34,36,3,475.38,1426.14,10,new,STORE,2026-05-24
2683,40,108,8,419.77,3358.16,25,cancelled,partner,2026-06-28
2905,70,63,,429.17,3433.36,10,shipped,web,2026-03-05
39,235,58,3,127.58,382.74,10,delivered,store,2025-08-21
2951,671,30,6,473.99,2843.94,15,paid,store,2026-02-08
673,553,5,6,32.54,195.24,10,new,web,2026-02-13
1120,636,107,3,87.02,261.06,0,new,MOBILE,2025-12-14
2233,728,69,2,,271.54,0,new,web,2026-01-26
629,207,37,5,478.91,,15,paid,partner,2026-01-22
2768,79,118,2,489.83,979.66,15,delivered,partner,2025-09-08
1895,655,48,,-251.79,2014.32,0,new,store,2026-05-06
1194,403,8,4,337.82,1351.28,0,shipped,store,2026-07-26
2493,528,105,7,293.62,2055.34,0,paid,store,2026-03-16
2844,42,136,8,31.11,248.88,5,paid,store,2025-09-25
2652,173,59,4,404.69,,0,cancelled,web,2025-10-04
2118,252,32,3,10.85,32.55,0,shipped,mobile,2025-11-30
2650,574,26,6,404.19,2425.14,15,new,mobile,2026-07-09
542,425,148,7,380.04,2660.28,25,paid,partner,2026-07-15
56,323,124,5,201.3,1006.5,0,delivered,partner,2025-11-15
1652,785,112,7,230.25,1611.75,25,delivered,store,2023-13-45
2304,526,1,7,15.99,111.93,15,cancelled,store,2026-06-10
2891,219,131,8,207.76,1662.08,0,paid,partner,2026-02-11
1839,59,12,6,142.45,854.7,0,cancelled,web,2025-11-15
2129,587,26,1,100.63,100.63,0,delivered,store,2026-02-05
2865,434,90,1,257.29,257.29,10,delivered,mobile,not a date
2341,709,5,2,265.38,530.76,0,cancelled,mobile,2025-08-21
2808,202,135,8,95.65,765.2,0,new,partner,2026-04-11
134,314,88,3,477.77,1433.31,10,paid,web,2026-01-15
1134,691,47,7,74.78,523.46,0,new,mobile,2025-12-06
1364,614,115,5,89.82,118757.93788676237,15,shipped,mobile,2025-09-30
64,98,77,3,148.91,446.73,10,delivered,mobile,2025-11-29
696,272,138,5,30.4,152.0,0,new,mobile,2025-08-16
167,678,101,3,104.41,313.23,10,cancelled,WEB,2026-03-23
546,362,96,7,186.98,1308.86,25,paid,mobile,2025-09-02
2433,543,46,8,447.12,3576.96,0,delivered,store,2025-10-14
1175,131,129,3,485.1,1455.3,5,cancelled,mobile,2025-11-01
326,767,90,6,126.47,758.82,10,new,partner,2026-04-25
2522,260,69,2,434.75,869.5,5,cancelled,partner,2026-01-10
1916,726,7,6,467.49,2804.94,0,cancelled,partner,2026-04-06
2465,267,99,,461.88,2309.4,10,cancelled,mobile,2026-03-19
1493,166,20,7,138.76,971.32,5,new,web,2026-07-02
823,526,112,2,123.67,247.34,10,cancelled,mobile,2025-09-09
2617,186,143,6,,1763.82,0,paid,store,2026-03-30
1914,658,98,3,416.49,1249.47,10,paid,web,2025-11-26
1625,580,12,1,,24.34,10,delivered,web,2026-06-16
1428,519,16,1,381.65,381.65,25,new,  web ,2026-05-03
2703,593,48,8,444.99,131231.68629873803,15,CANCELLED,mobile,2026-03-15
1193,521,103,8,213.15,1705.2,0,new,mobile,2026-02-16
1891,461,69,7,,676.48,0,delivered,store,2026-07-22
264,284,97,6,329.54,1977.24,0,delivered,partner,2025-12-21
2667,79,21,7,336.86,2358.02,0,delivered,store,2026-03-25
1696,340,108,7,246.82,1727.74,5,delivered,mobile,2025-12-28
2212,579,96,5,108.86,544.3,15,DELIVERED,store,2025-10-06
2584,90,148,1,381.84,381.84,5,paid,mobile,2026-01-10
689,215,24,4,27116.884915862818,1919.44,25,PAID,store,2026-03-20
2457,403,127,7,440.58,3084.06,0,shipped,partner,2025-09-17
907,391,32,8,434.24,3473.92,0,delivered,store,2026-08-04
583,510,78,8,183.77,1470.16,0,shipped,store,2026-01-21
318,717,64,7,157.08,1099.56,25,cancelled,partner,2026-03-22
495,219,125,3,199.26,597.78,5,cancelled,web,2025-08-25
2691,197,107,,49.23,49.23,0,delivered,mobile,
296,564,112,2,377.14,754.28,5,shipped,partner,2025-12-27
2188,337,75,1,322.46,322.46,10,paid,store,2025-09-21
1491,336,99,1,370.77,370.77,10,shipped,partner,2026-05-24
1864,461,16,6,12.86,77.16,15,delivered,partner,2026-03-10
1850,633,69,7,234.86,1644.02,5,delivered,store,2026-05-21
1588,494,135,1,194.62,165260.59777960784,5,delivered,store,2026-01-26
2998,65,120,8,169.26,1354.08,0,paid,web,2025-09-19
858,214,48,4,346.3,1385.2,25,shipped,web,2025-09-07
1521,159,105,2,206.01,412.02,0,paid,store,2026-05-05
1789,669,113,4,35.16,140.64,5,shipped,store,2025-11-14
1014,558,98,4,367.77,1471.08,0,delivered,web,2026-01-28
2790,40,7,8,-222.29,1778.32,25,shipped,,2026-05-20
598,168,96,8,484.79,3878.32,25,paid,mobile,2025-08-15
1327,319,105,8,254.45,2035.6,0,new,partner,2025-10-19
2091,332,20,2,350.04,700.08,25,delivered,mobile,2026-01-04
1536,667,39,1,126.27,126.27,15,cancelled,store,2026-02-15
1746,7,140,2,138.73,277.46,25,new,partner,2026-01-24
255,515,114,6,326.16,1956.96,15,shipped,web,2025-11-26
923,743,46,3,,229.53,15,cancelled,  store ,2025-11-15
33,741,89,1,-41.38,41.38,5,delivered,mobile,2026-06-03
2153,376,108,6,306.72,1840.32,0,paid,web,
1315,416,53,4,178.69,714.76,5,new,store,2026-05-10
140,428,42,8,409.43,3275.44,10,paid,store,2025-10-05
2761,534,139,8,144.13,1153.04,10,new,store,2025-12-30
1643,388,12,5,289.32,1446.6,0,new,partner,2026-04-28
1497,507,78,5,350.99,1754.95,0,cancelled,store,2025-09-10
2698,254,142,4,161.16,644.64,5,shipped,partner,2026-01-04
2094,728,148,7,451.18,3158.26,25,cancelled,partner,2026-03-12
2814,267,131,2,,281.3,0,DELIVERED,partner,2025-10-16
1263,575,135,7,97.06,679.42,25,shipped,partner,2026-03-08
292,175,100,4,408.34,1633.36,5,paid,mobile,2026-03-25
143,113,39,6,383.52,2301.12,0,delivered,mobile,2026-04-02
2105,486,140,5,218.0,1090.0,10,new,partner,2025-08-18
795,13,35,2,N/A,154.32,15,paid,partner,2026-01-24
2262,219,94,4,426.26,1705.04,0,shipped,mobile,2026-02-20
2889,41,53,2,,686.78,0,new,web,2025-08-26
2494,332,38,6,264.3,1585.8,0,paid,partner,2026-06-25
860,152,14,3,19.52,58.56,25,new,web,2025-12-31
1942,87,148,5,208.47,1042.35,25,shipped,store,2026-06-11
1023,212,116,1,439.24,439.24,0,delivered,mobile,2025-12-09
633,112,62,3,7.11,21.33,5,cancelled,web,2026-01-09
2771,25,13,4,360.58,1442.32,15,delivered,partner,2025-08-16
153,239,18,2,450.06,900.12,10,paid,store,2025-12-01
2826,383,45,5,430.96,2154.8,5,new,mobile,2025-08-16
1711,394,143,2,315.32,630.64,0,cancelled,,2025-10-02
2434,532,37,8,N/A,3165.28,10,delivered,partner,2025-08-25
427,94,74,,125.37,125.37,25,shipped,web,0000-00-00
1469,609,125,2,,47.54,10,cancelled,MOBILE,2026-06-25
2383,781,13,5,240.54,1202.7,25,new,mobile,2025-08-29
1041,12,4,4,429.29,1717.16,5,new,web,not a date
390,470,89,8,,1875.6,10,paid,store,2025-09-17
2308,550,24,5,188.04,940.2,25,cancelled,partner,2026-04-16
1871,760,47,6,362.22,2173.32,0,new,,2026-05-08
2709,242,147,1,251.15,251.15,5,paid,store,2026-06-22
2143,111,145,5,150.45,752.25,10,new,store,2026-02-03
2979,346,133,4,440.04,1760.16,,new,partner,2025-11-07
1566,543,5,4,21.66,86.64,5,shipped,web,2025-12-16
225,643,72,5,182.49,912.45,0,paid,web,2026-03-02
2012,691,130,3,289.43,868.29,0,paid,partner,2026-05-24
1250,568,50,4,234.87,939.48,10,shipped,mobile,2026-06-22
481,654,42,4,8.51,34.04,10,cancelled,store,2025-11-13
1402,502,36,6,214.05,1284.3,0,paid,,2026-06-23
1073,151,145,3,264.78,794.34,0,paid,mobile,2026-07-20
1465,17,18,4,312.74,1250.96,0,,store,2025-08-13
1004,773,53,2,131.7,263.4,0,new,web,2026-05-28
1782,114,92,7,226.02,1582.14,15,cancelled,web,2026-07-08
1044,56,63,5,246.88,1234.4,25,delivered,partner,2025-12-28
124,598,64,1,5.05,5.05,25,shipped,partner,2026-04-08
234,512,27,5,61.11,305.55,0,shipped,partner,2026-07-27
1692,774,74,5,462.42,2312.1,0,new,web,2026-02-05
2290,503,25,1,49.18,49.18,25,shipped,store,2026-06-28
2265,446,129,1,479.78,479.78,5,delivered,mobile,2025-08-08
2101,138,73,4,439.4,1757.6,25,new,partner,2026-06-15
2254,765,136,2,225.54,,25,paid,partner,2026-07-17
2560,558,134,3,260.78,782.34,0,shipped,store,2026-08-06
646,360,23,7,231.9,1623.3,15,shipped,mobile,2026-06-28
1135,147,103,5,176.33,881.65,15,delivered,partner,2025-10-16
2064,353,96,6,286.25,1717.5,5,cancelled,mobile,
2827,579,95,5,144.09,720.45,5,cancelled,store,2025-11-20
197,717,40,5,411.34,2056.7,0,paid,mobile,2026-04-14
1470,624,116,2,497.36,994.72,10,new,partner,2025-09-20
938,355,117,4,233.64,934.56,15,cancelled,mobile,2025-12-01
1297,10,116,6,64.83,388.98,15,shipped,store,2026-03-07
22,516,88,4,143.96,575.84,25,,partner,2025-09-18
2489,556,28,8,117.55,940.4,0,delivered,mobile,2025-10-15
1363,622,56,5,419.04,2095.2,10,cancelled,partner,2026-04-04
2438,214,94,4,24344.44860630487,991.72,15,new,partner,2026-06-28
1624,458,67,4,328.39,1313.56,0,delivered,web,2026-07-11
20,219,67,6,244.6,1467.6,15,shipped,web,
1742,317,104,8,-297.86,2382.88,10,delivered,  mobile ,2025-09-15
606,240,149,8,,1658.32,0,delivered,  partner ,2025-12-13
994,641,102,7,373.04,2611.28,0,new,partner,2025-11-23
2882,766,52,6,485.29,2911.74,15,shipped,mobile,2026-03-07
460,128,53,1,299.79,299.79,25,shipped,partner,2026-05-16
1412,465,25,1,117.98,117.98,25,new,  web ,2025-12-14
2297,34,61,5,284.22,1421.1,0,cancelled,,2025-10-04
827,436,64,5,274.09,1370.45,,  paid ,,2025-10-30
338,797,81,8,193.13,1545.04,25,,store,2026-06-19
2177,118,78,8,103.63,829.04,5,paid,store,2026-06-01
2978,594,27,1,143.01,143.01,0,shipped,store,2025-09-10
2387,644,133,8,349.16,2793.28,10,cancelled,store,2026-07-01
1582,548,78,3,43.9,131.7,25,cancelled,mobile,2026-01-13
2929,25,10,8,9.22,73.76,10,shipped,store,2026-07-18
2902,628,90,2,159.24,318.48,10,paid,web,2026-06-24
220,566,116,1,38.57,38.57,10,shipped,partner,2025-12-29
174,27,49,5,67.47,337.35,25,shipped,mobile,2026-05-21
524,262,24,2,236.57,473.14,0,cancelled,partner,2026-04-15
1283,395,103,1,116.33,116.33,15,cancelled,web,2026-04-15
924,279,20,,369.01,369.01,15,  cancelled ,store,2026-01-18
85,548,41,6,311.8,1870.8,25,delivered,mobile,2026-03-04
1982,571,88,6,88.99,533.94,15,cancelled,partner,2026-07-16
63,709,44,1,459.07,459.07,15,cancelled,mobile,2025-12-19
327,10,144,1,227.5,227.5,15,shipped,web,2025-09-21
865,753,126,8,232.75,1862.0,25,new,web,2025-10-09
2245,682,40,7,370.63,2594.41,0,shipped,partner,2025-11-26
1366,326,35,5,241.99,1209.95,25,cancelled,web,2026-01-11
1938,681,30,3,462.46,1387.38,5,new,store,0000-00-00
2674,778,125,7,121.21,848.47,0,cancelled,,2025-12-19
1893,664,14,6,181.73,1090.38,25,shipped,partner,2025-12-18
1196,800,42,6,181.11,1086.66,5,paid,web,2026-05-08
288,434,60,3,50.45,151.35,5,shipped,web,2025-08-09
1876,667,116,5,475.93,2379.65,25,shipped,partner,2026-04-21
504,234,136,6,83.56,501.36,5,delivered,store,
2421,625,134,1,-267.17,267.17,0,shipped,store,2025-08-28
66,267,7,3,31.93,95.79,15,paid,mobile,2026-02-27
663,22,93,2,228.1,456.2,15,delivered,partner,2025-12-21
648,333,148,,60.0,360.0,0,paid,store,2025-08-23
948,361,143,8,449.72,-3597.76,0,paid,web,2026-01-31
1390,710,91,3,158.59,475.77,15,new,store,2025-09-13
2874,97,50,3,302.3,906.9,0,cancelled,partner,2025-11-09
369,469,100,3,125.38,376.14,0,paid,web,2025-10-25
947,734,108,1,408.34,408.34,0,paid,mobile,2025-12-28
1767,792,57,2,268.47,536.94,15,new,mobile,2026-04-20
1013,708,133,4,N/A,1665.2,0,shipped,MOBILE,2026-06-08
2420,270,144,4,232.39,929.56,15,delivered,store,2026-01-22
133,420,58,7,301.03,2107.21,10,shipped,web,2025-12-21
1980,573,47,4,160.65,642.6,0,shipped,mobile,2025-10-28
1542,48,4,2,279.46,558.92,0,paid,web,2026-03-16
2558,356,7,4,481.89,1927.56,15,paid,partner,2026-07-18
2798,755,32,8,198.51,1588.08,0,paid,web,2025-11-29
2352,53,131,2,499.69,999.38,25,new,web,2026-06-05
608,796,16,3,452.67,1358.01,15,new,mobile,2026-01-04
2924,744,18,4,147.86,591.44,0,delivered,partner,2025-10-02
766,281,144,4,96.55,386.2,0,cancelled,store,2026-02-05
2723,529,144,5,295.74,1478.7,0,paid,web,2025-10-12
2692,534,120,7,493.0,3451.0,15,new,partner,2025-08-11
394,480,143,7,-29.23,204.61,10,paid,  partner ,2025-08-31
338,797,81,8,193.13,1545.04,25,,store,2026-06-19
1046,619,71,4,454.33,1817.32,5,paid,web,2025-11-01
313,393,139,1,78.96,78.96,0,cancelled,store,2025-10-01
812,268,18,5,463.45,2317.25,5,new,web,2026-07-19
70,176,5,4,298.7,1194.8,0,paid,store,2026-02-22
665,746,110,8,444.61,3556.88,5,cancelled,mobile,2026-01-09
1752,731,106,8,212.32,1698.56,5,new,partner,2025-10-24
605,669,72,8,90.16,721.28,25,cancelled,store,2025-12-27
2769,323,16,5,43.93,219.65,0,shipped,web,2026-05-25
2854,239,15,6,351.51,2109.06,0,new,,2026-02-21
756,166,15,2,410.89,821.78,25,delivered,web,2025-09-27
2406,543,68,,430.58,861.16,25,new,store,2025-11-11
2525,589,29,1,270.89,270.89,0,paid,store,2026-06-20
190,677,37,7,72.21,505.47,0,shipped,mobile,2026-07-14
1569,162,109,8,65.48,523.84,25,paid,mobile,2026-06-21
48,74,133,7,191.58,1341.06,15,delivered,web,2026-07-05
2739,486,32,7,61.58,431.06,5,delivered,mobile,
293,326,78,2,86.04,172.08,10,new,web,2026-01-01
455,46,138,1,378.83,378.83,10,new,web,2025-10-10
1880,498,50,3,281.56,844.68,10,paid,mobile,2026-06-30
1811,439,52,8,404.63,3237.04,0,delivered,web,2025-12-25
2786,396,137,6,401.49,2408.94,25,delivered,,2026-03-05
180,86,32,7,213.38,1493.66,15,cancelled,store,2025-08-27
2329,487,35,5,413.1,2065.5,,cancelled,partner,2026-07-31
2730,469,59,8,35.35,282.8,0,cancelled,store,2025-09-09
2752,411,20,1,135.89,135.89,25,paid,MOBILE,2026-03-05
937,536,127,4,72.0,288.0,0,delivered,partner,2026-03-22
1462,569,66,6,179.64,1077.84,0,delivered,,2025-12-27
2198,374,111,3,343.55,1030.65,25,delivered,partner,2026-07-24
199,673,149,6,N/A,2467.86,5,shipped,store,2025-12-10
492,615,144,4,453.15,1812.6,5,shipped,partner,2026-04-19
2439,423,136,6,6.73,40.38,0,shipped,web,2026-01-02
1265,389,66,3,116.82,350.46,0,delivered,,2025-10-13
579,382,65,2,274.48,548.96,0,cancelled,store,2026-05-11
1776,743,141,4,unknown,1259.48,25,cancelled,partner,2026-04-22
1972,514,37,5,349.46,1747.3,0,new,mobile,2025-09-17
2225,278,61,3,225.62,676.86,5,paid,store,2026-01-12
2530,88,94,4,57.83,231.32,0,new,store,2026-03-10
744,624,21,6,465.52,2793.12,0,shipped,store,2026-02-12
2255,113,121,5,206.56,1032.8,5,paid,mobile,2025-12-05
328,554,54,7,14.87,104.09,15,new,store,2026-04-30
1654,541,33,1,-33.43,33.43,0,paid,mobile,2026-02-16
2829,434,3,4,38.5,154.0,5,delivered,store,2025-09-05
597,21,95,4,307.71,1230.84,5,new,partner,2026-07-16
734,506,36,2,352.33,704.66,5,cancelled,store,2026-05-31
221,573,16,,103.74,622.44,0,paid,mobile,2026-05-04
2294,672,1,1,29.65,29.65,15,shipped,mobile,2025-11-09
554,722,130,8,35.3,282.4,5,paid,web,2026-01-28
1302,345,58,,263.21,789.63,0,cancelled,store,2025-12-11
1681,545,66,7,437.41,3061.87,0,new,store,2025-08-22
510,141,15,6,239.31,1435.86,0,paid,web,2026-06-11
2362,368,98,6,344.67,2068.02,25,paid,partner,2025-12-16
592,483,96,1,69.45,69.45,15,paid,partner,2026-06-25
451,566,112,5,83.7,189655.71190150888,25,paid,store,2026-04-16
1833,698,133,8,254.18,2033.44,0,delivered,store,2026-07-02
2714,34,60,6,402.73,2416.38,5,paid,web,2026-03-18
1788,509,9,5,432.02,2160.1,15,cancelled,WEB,2025-12-11
2191,534,12,1,185.63,185.63,0,cancelled,store,2026-04-29
732,748,58,5,193.55,,5,cancelled,store,2025-10-16
1184,467,68,1,344.48,344.48,5,SHIPPED,store,2026-02-12
808,336,81,7,173.18,1212.26,0,delivered,mobile,2025-12-31
848,420,90,2,197.6,395.2,0,cancelled,store,2026-04-04
521,692,61,2,101.1,202.2,5,shipped,mobile,2025-12-06
828,587,126,1,159.91,159.91,0,paid,mobile,2026-05-04
445,323,61,3,241.63,724.89,15,new,mobile,2025-10-07
2096,767,23,6,,2160.24,0,cancelled,partner,2026-01-08
2075,16,140,6,289.94,1739.64,10,new,mobile,2026-07-15
1805,83,62,5,212.04,1060.2,10,cancelled,web,2025-10-11
2339,448,147,6,338.27,2029.62,0,new,partner,2026-06-08
447,189,104,1,92.16,92.16,5,new,partner,2025-09-24
155,261,114,3,354.68,1064.04,25,paid,store,2025-08-14
1343,746,53,1,19.76,19.76,25,delivered,mobile,2026-07-03
1324,411,48,7,235.18,1646.26,0,new,partner,2025-10-17
5,445,141,3,296.37,889.11,0,shipped,partner,2025-08-24
2233,728,69,2,,271.54,0,new,web,2026-01-26
2447,639,125,7,235.8,1650.6,0,new,,2025-08-15
474,525,15,8,242.04,1936.32,10,paid,store,2026-03-28
1508,221,38,8,361.5,2892.0,15,,mobile,2025-11-01
1006,322,54,3,79.84,239.52,15,new,web,2026-06-13
2105,486,140,5,218.0,1090.0,10,new,partner,2025-08-18
2419,485,17,6,301.23,1807.38,10,paid,mobile,2026-07-09
2950,93,99,5,44.03,-220.15,5,shipped,web,2026-05-30
2053,536,96,8,416.57,3332.56,25,new,mobile,
876,413,107,3,123.66,370.98,10,delivered,web,2026-06-03
192,754,115,7,142.35,996.45,15,shipped,store,2026-01-22
2738,445,105,1,,362.29,0,,partner,31/02/2023
1165,292,71,4,355.58,1422.32,25,shipped,partner,2026-03-07
287,49,114,8,483.01,3864.08,5,new,web,2026-01-26
636,106,83,8,196.62,1572.96,15,shipped,store,2025-08-11
1818,274,19,3,328.65,985.95,15,paid,store,2025-10-31
484,503,60,5,,777.85,0,cancelled,web,2025-08-14
252,337,35,6,152.0,912.0,10,cancelled,mobile,2025-12-08
283,432,15,3,158.03,474.09,0,delivered,store,2026-06-13
974,595,65,8,168.26,1346.08,10,shipped,partner,2025-09-05
709,2,106,5,19.86,99.3,5,delivered,web,2025-10-12
238,99,10,2,166.03,332.06,5,new,partner,2026-04-19
2423,464,142,4,159.14,636.56,,delivered,store,2025-11-15
2054,491,28,5,435.21,2176.05,0,delivered,web,2026-04-28
1735,644,80,4,133.64,534.56,0,cancelled,web,2025-12-03
1199,236,21,3,354.9,1064.7,5,new,store,2026-01-04
108,335,149,5,253.0,1265.0,0,cancelled,web,2025-12-01
1834,346,74,1,86.57,86.57,15,cancelled,partner,2026-02-27
1261,283,97,4,46.78,187.12,25,paid,web,2025-10-22
1486,660,102,3,331.36,994.08,0,paid,mobile,
1152,143,125,2,100.85,201.7,15,  delivered ,web,2026-07-30
2663,337,116,4,220.36,881.44,0,paid,mobile,2026-02-28
562,682,61,6,228.86,1373.16,0,new,web,
168,395,68,8,87.22,697.76,0,paid,mobile,2026-05-04
1945,664,111,2,37.46,74.92,0,cancelled,web,2026-06-16
1431,433,116,8,99.35,794.8,25,paid,store,2025-12-28
1592,21,127,5,445.43,2227.15,0,delivered,partner,2025-09-25
708,745,65,1,183.49,183.49,0,cancelled,store,2025-09-21
2385,137,112,1,94.43,94.43,25,delivered,store,2026-06-12
655,582,79,6,235.99,1415.94,0,cancelled,store,2025-09-04
80,563,32,8,171.71,1373.68,5,SHIPPED,mobile,2025-09-19
2935,691,47,3,203.51,610.53,0,new,mobile,2026-08-07
1058,336,94,2,351.06,702.12,5,shipped,web,2026-06-10
2321,590,119,7,unknown,3175.41,0,shipped,store,2026-05-10
625,494,89,1,300.6,300.6,5,delivered,store,2025-09-22
239,25,91,1,117.4,,0,delivered,mobile,2026-06-27
2030,443,129,7,66.91,468.37,0,delivered,store,2026-05-29
1076,425,118,2,79.38,158.76,0,cancelled,partner,2025-12-30
1989,608,14,2,81.66,163.32,0,cancelled,mobile,2025-11-02
1697,750,34,3,365.1,,0,paid,store,2026-06-29
996,4,84,1,234.44,234.44,10,shipped,partner,2026-07-01
2488,477,70,1,54.61,54.61,0,delivered,web,2026-06-19
1698,773,102,2,66.37,132.74,15,shipped,partner,2026-01-28
1918,759,71,3,66.82,200.46,5,new,partner,2026-07-28
2186,498,130,4,136.18,-544.72,0,cancelled,mobile,2025-10-22
2470,790,34,5,85.64,428.2,0,delivered,web,2026-04-02
1168,82,11,3,392.3,1176.9,0,new,partner,2025-09-07
44,504,47,6,460.43,2762.58,5,new,mobile,2026-08-03
513,659,57,8,256.93,2055.44,0,paid,web,2025-10-19
34,783,115,7,257.62,1803.34,0,new,mobile,2026-05-29
142,689,3,1,355.55,355.55,0,cancelled,web,2025-10-09
728,510,38,2,49.97,99.94,0,paid,store,2026-03-28
566,376,76,,356.51,2495.57,0,shipped,web,2026-04-23
1368,187,86,3,448.45,1345.35,10,paid,partner,31/02/2023
2603,691,30,6,110.94,665.64,5,shipped,store,2025-09-14
838,747,148,8,109.02,872.16,0,paid,,2026-04-06
989,564,99,5,60.14,300.7,5,PAID,store,2026-07-12
1958,284,82,6,173.7,1042.2,25,shipped,web,2026-06-07
2442,420,90,1,316.39,316.39,0,cancelled,mobile,2026-05-04
282,624,131,8,84.86,678.88,5,shipped,partner,2026-01-23
1439,737,41,6,498.88,2993.28,25,new,store,2025-11-21
853,91,135,4,142.84,571.36,25,shipped,web,2026-07-18
2509,606,88,4,161.4,645.6,,shipped,web,2026-07-08
2027,203,91,5,-301.42,1507.1,5,paid,WEB,2026-04-08
2545,344,83,5,484.59,2422.95,25,paid,store,2025-09-06
1797,682,121,1,303.67,303.67,15,shipped,partner,2026-01-05
932,238,51,1,-225.21,225.21,25,cancelled,mobile,2025-09-19
97,631,112,8,243.29,1946.32,,shipped,partner,2026-03-04
1425,62,16,8,485.12,3880.96,0,paid,mobile,2025-08-13
2562,162,149,3,346.25,1038.75,,cancelled,partner,2025-11-21
2471,532,20,6,441.16,2646.96,10,paid,store,2026-03-19
2984,140,133,1,392.96,392.96,0,cancelled,mobile,2025-11-04
817,627,103,3,120.02,360.06,10,shipped,web,2026-01-30
2175,137,129,7,445.24,3116.68,15,shipped,web,2026-05-14
74,531,44,5,470.23,2351.15,15,paid,store,2025-08-14
154,445,90,2,499.97,999.94,15,cancelled,partner,2025-08-08
486,562,19,3,333.06,999.18,5,paid,mobile,2025-11-20
1863,534,115,5,472.3,2361.5,10,delivered,partner,2026-06-27
2967,49,16,5,323.17,1615.85,0,delivered,web,2026-06-24
1587,699,65,1,339.06,339.06,0,cancelled,store,2025-08-18
1645,140,110,4,386.82,1547.28,5,cancelled,web,2026-01-05
1767,792,57,2,268.47,536.94,15,new,mobile,2026-04-20
1138,28,129,6,355.27,2131.62,0,shipped,  mobile ,2026-05-02
1035,110,135,4,13430.810688699465,1495.52,0,paid,store,2025-09-25
53,514,124,6,260.95,1565.7,0,  new ,mobile,2025-08-12
1736,772,121,3,123.43,370.29,0,delivered,mobile,2026-04-07
26,346,129,2,195.05,390.1,0,paid,store,2026-05-14
2330,694,109,,403.38,2420.28,5,cancelled,store,2026-05-06
1244,268,16,3,193.05,579.15,25,new,partner,2026-02-04
1243,283,55,4,358.6,1434.4,0,cancelled,store,2026-03-19
1750,583,44,2,400.23,800.46,5,paid,store,2026-06-10
1253,510,125,3,418.6,1255.8,0,delivered,web,2026-04-17
2253,583,6,1,393.3,393.3,15,cancelled,mobile,2026-04-18
2756,174,64,8,70.07,560.56,0,delivered,web,2026-06-12
50,252,128,2,323.37,,0,paid,partner,2026-05-13
1638,724,35,6,273.2,1639.2,0,new,web,2025-09-29
962,501,75,6,468.89,2813.34,0,cancelled,store,2026-02-04
1450,166,103,1,unknown,174.04,,paid,store,2026-07-07
254,645,37,1,,472.38,10,shipped,mobile,2026-05-12
1322,496,134,7,325.83,2280.81,10,new,partner,2026-06-25
2656,367,73,1,326.72,326.72,0,delivered,,2026-01-31
1094,330,66,8,229.04,1832.32,15,shipped,mobile,2026-06-30
2134,244,1,1,455.12,455.12,10,  new ,store,2026-02-15
1506,523,139,5,393.14,1965.7,0,delivered,store,2026-03-30
2575,508,69,6,227.15,1362.9,10,shipped,mobile,2025-08-23
532,383,28,7,330.19,-2311.33,25,paid,STORE,2025-08-27
1500,780,59,1,491.33,491.33,0,shipped,MOBILE,2025-12-31
556,669,30,7,341.23,2388.61,25,cancelled,store,2025-10-14
2471,532,20,6,441.16,2646.96,10,paid,store,2026-03-19
1126,521,94,4,42544.95756292826,216.12,5,paid,store,2026-03-30
862,304,92,5,359.86,1799.3,25,cancelled,mobile,2025-09-06
1485,398,99,2,36.15,72.3,10,delivered,store,2026-04-20
1401,353,76,3,100.62,301.86,0,new,store,2025-12-08
2661,82,22,1,137.28,137.28,,paid,mobile,2025-12-01
2456,363,58,1,335.6,335.6,0,delivered,store,2026-01-31
514,789,3,5,174.4,872.0,0,paid,mobile,2026-07-31
1210,233,5,7,455.46,3188.22,0,cancelled,MOBILE,2025-11-07
2014,478,88,1,493.17,493.17,0,shipped,mobile,2025-08-19
1051,462,106,5,130.53,652.65,0,new,web,2026-01-04
2552,466,17,1,359.93,359.93,0,new,mobile,2025-11-21
470,776,28,1,57.29,57.29,0,cancelled,mobile,2026-08-02
189,768,134,6,390.93,2345.58,25,delivered,mobile,2025-10-03
541,426,119,8,457.49,3659.92,25,shipped,store,2025-10-30
1009,235,112,8,272.83,2182.64,0,shipped,web,2025-08-13
1639,247,56,7,-258.82,1811.74,0,paid,mobile,2025-10-09
724,752,66,1,43.52,43.52,0,new,partner,2025-10-20
2762,541,144,1,91.34,91.34,25,shipped,store,2025-09-07
2561,716,130,1,457.82,457.82,15,,store,2026-03-05
404,400,86,6,193.15,1158.9,5,shipped,store,2026-04-21
494,644,34,7,459.43,3216.01,15,cancelled,mobile,2025-12-02
1137,20,118,2,38.5,77.0,25,,WEB,2026-07-31
809,306,130,7,72.73,509.11,0,cancelled,mobile,2025-09-13
920,710,95,1,72.63,72.63,0,paid,store,2025-09-19
1537,390,65,5,400.74,,5,new,store,2026-02-06
2360,544,120,3,289.6,868.8,25,shipped,web,2026-04-17
2673,165,67,8,45805.42150837942,640.56,10,delivered,partner,2025-12-03
2569,362,145,6,154.02,129973.12815965204,0,cancelled,partner,2026-02-20
1040,792,95,5,356.43,1782.15,0,delivered,partner,2025-12-13
980,227,123,6,209.59,1257.54,5,new,web,2025-09-25
1879,785,60,4,427.31,1709.24,5,,partner,2025-09-03
1023,212,116,1,439.24,439.24,0,delivered,mobile,2025-12-09
2208,529,111,3,44.45,133.35,5,new,partner,2026-07-12
1444,597,37,1,349.66,349.66,0,shipped,mobile,2025-11-28
2582,647,65,8,497.32,3978.56,25,shipped,partner,2025-10-15
45,149,73,4,496.06,1984.24,15,cancelled,web,2026-03-26
2093,35,87,7,172.37,1206.59,5,cancelled,store,2026-07-27
366,731,8,5,N/A,2474.75,15,,web,2025-10-08
618,52,58,4,167.17,668.68,0,cancelled,web,2026-02-06
2758,530,100,6,200.91,1205.46,0,delivered,web,2026-03-31
2099,415,11,8,462.58,3700.64,0,shipped,mobile,2026-07-05
408,542,7,5,178.62,893.1,0,cancelled,web,2025-11-11
2045,626,39,6,446.24,2677.44,0,  delivered ,mobile,2026-03-24
2300,177,48,4,209.3,837.2,15,cancelled,partner,2026-03-09
1537,390,65,5,400.74,,5,new,store,2026-02-06
839,314,48,4,425.71,1702.84,10,shipped,web,2025-12-17
1043,296,46,7,270.7,1894.9,10,new,store,2025-09-15
1074,251,8,3,445.76,1337.28,25,shipped,mobile,2026-06-10
46,68,126,5,210.21,1051.05,15,delivered,web,2025-12-09
919,493,49,1,433.08,433.08,15,new,partner,2025-09-10
2598,600,60,2,286.58,573.16,25,cancelled,mobile,2026-02-03
499,489,48,6,357.18,2143.08,,paid,store,2026-07-31
2275,53,116,6,255.07,1530.42,0,cancelled,web,2025-08-29
794,124,87,8,225.66,1805.28,5,paid,mobile,2026-02-06
2468,595,74,1,180.34,180.34,0,paid,partner,2025-10-29
2221,4,37,5,457.14,2285.7,25,paid,partner,2026-05-04
595,274,11,4,418.56,-1674.24,25,shipped,partner,2025-11-10
1406,525,75,,255.69,1022.76,15,delivered,mobile,2025-10-15
1543,8,118,3,174.47,523.41,0,,web,2026-01-12
441,725,77,4,154.29,617.16,25,cancelled,store,2026-04-10
2369,611,119,5,unknown,2073.4,0,cancelled,store,2026-06-23
1870,762,107,1,222.05,222.05,0,paid,store,2026-04-13
94,790,23,1,149.96,149.96,25,paid,mobile,2026-02-05
2109,413,6,4,227.48,909.92,15,paid,web,2026-04-20
2678,739,120,7,344.54,2411.78,5,shipped,partner,2025-09-10
2427,337,92,1,154.57,154.57,5,shipped,store,2026-06-29
403,540,72,1,443.92,443.92,15,cancelled,store,2025-09-07
1016,785,79,1,214.31,214.31,5,paid,web,2026-06-10
1522,83,25,5,229.88,1149.4,5,new,store,2026-02-17
1123,748,39,7,341.92,2393.44,25,PAID,partner,2025-12-26
698,792,41,3,unknown,842.7,5,delivered,  web ,2025-09-19
479,289,63,3,,32.13,10,paid,partner,2025-12-25
2933,153,119,1,473.25,473.25,,shipped,partner,2026-06-24
616,181,85,1,341.59,341.59,0,shipped,web,2026-05-15
2441,89,100,2,196.93,393.86,,paid,store,2026-01-12
2402,189,121,4,354.08,1416.32,0,paid,partner,2026-04-23
567,527,137,5,,1554.55,25,paid,partner,2025-12-05
1842,799,1,4,109.8,439.2,15,paid,partner,2026-04-25
1474,493,65,4,84.89,339.56,10,cancelled,store,0000-00-00
895,527,124,2,206.96,413.92,10,cancelled,mobile,2026-01-19
2521,692,128,4,497.91,1991.64,15,paid,mobile,2025-11-07
2630,792,47,7,335.09,2345.63,0,shipped,PARTNER,2026-07-20
2690,636,30,6,274.57,1647.42,0,paid,partner,2025-09-06
1655,550,97,5,161.66,808.3,5,cancelled,store,2026-06-22
1763,789,81,7,266.19,1863.33,,cancelled,,2026-06-04
2556,317,144,7,181.71,1271.97,25,new,,2026-02-01
1413,701,132,5,155.22,776.1,0,cancelled,store,2026-05-21
2655,164,117,2,448.37,896.74,15,,store,2026-06-19
1977,469,30,6,420.26,2521.56,10,shipped,store,2025-11-18
244,702,38,6,29.56,177.36,0,cancelled,partner,2026-04-06
1115,717,97,3,185.27,555.81,0,delivered,store,2025-10-27
1448,444,123,3,295.11,885.33,0,shipped,web,2026-01-05
1515,625,74,8,484.95,3879.6,0,paid,web,
2707,107,41,1,431.29,431.29,0,delivered,partner,2025-09-26
626,672,105,3,382.13,1146.39,0,new,partner,2026-02-18
1759,138,88,8,108.79,870.32,0,shipped,web,2025-12-16
2246,41,98,2,344.83,689.66,15,shipped,store,2026-08-04
1100,492,111,8,494.26,3954.08,0,paid,mobile,2026-03-18
1511,604,114,2,453.3,906.6,15,cancelled,  web ,2026-06-21
1339,380,30,1,10.73,10.73,0,DELIVERED,store,2026-02-26
2101,138,73,4,439.4,1757.6,25,new,partner,2026-06-15
2342,5,53,8,411.77,3294.16,0,delivered,partner,
2907,637,2,6,387.4,2324.4,5,cancelled,mobile,2025-12-09
2137,439,79,8,155.8,1246.4,5,cancelled,mobile,2025-08-08
299,328,61,3,234.14,702.42,25,paid,mobile,2026-04-15
1320,680,59,5,326.89,1634.45,,paid,store,2025-12-21
1571,256,39,8,247.16,1977.28,5,new,WEB,2026-04-28
872,386,113,8,399.21,3193.68,25,new,mobile,2026-04-01
2397,211,110,6,49.73,298.38,5,shipped,mobile,2025-09-03
1510,19,14,6,177.31,1063.86,0,shipped,mobile,2026-05-07
1340,438,49,4,-495.75,1983.0,0,,store,2025-12-17
1260,649,78,8,483.75,3870.0,0,cancelled,mobile,2026-05-05
589,381,22,1,376.01,376.01,15,delivered,mobile,2026-06-16
913,672,98,5,80.85,,,delivered,partner,2026-04-21
1155,757,84,6,61.97,371.82,15,new,store,2026-05-12
1917,24,18,7,171.07,1197.49,25,delivered,  partner ,2025-12-15
2207,391,57,5,,955.05,0,shipped,web,
1400,40,28,4,437.28,-1749.12,0,cancelled,mobile,2026-01-23
1075,728,144,2,335.78,671.56,0,cancelled,web,2025-08-20
761,769,41,7,375.45,2628.15,0,  paid ,mobile,2026-05-05
2527,652,108,3,360.37,1081.11,15,paid,web,2025-09-23
927,432,145,2,438.29,876.58,5,shipped,web,2025-09-14
750,374,17,6,365.4,2192.4,15,shipped,mobile,2026-07-04
1281,554,34,2,233.74,467.48,0,CANCELLED,store,0000-00-00
309,316,82,7,423.32,2963.24,0,shipped,mobile,2026-01-31
2767,544,71,1,391.45,391.45,0,delivered,partner,0000-00-00
2117,566,124,2,421.52,843.04,25,cancelled,web,2026-04-19
2025,649,18,7,465.09,3255.63,0,new,web,2026-07-24
1298,224,7,1,378.47,378.47,5,paid,web,2026-01-27
1518,795,12,1,232.13,232.13,0,,partner,2026-06-12
1198,21,90,5,250.75,1253.75,0,paid,web,2026-06-03
740,452,121,6,326.51,1959.06,5,shipped,mobile,2026-03-21
1133,780,69,5,50.91,254.55,25,cancelled,store,2025-11-10
2011,240,121,7,56.03,392.21,10,cancelled,store,2025-08-19
2005,595,95,3,212.16,636.48,10,paid,partner,2026-03-02
1855,47,59,6,17.48,104.88,0,shipped,web,2025-10-21
2073,153,97,8,33.22,265.76,0,cancelled,mobile,2025-11-22
877,143,38,1,14.32,14.32,0,new,store,2026-06-02
259,59,90,5,234.22,1171.1,0,shipped,partner,2025-09-04
55,652,100,,136.61,409.83,25,shipped,partner,2026-04-17
1830,141,114,2,14708.107297016333,478.98,0,delivered,mobile,2026-07-04
351,594,12,2,-487.58,975.16,5,shipped,mobile,2025-09-18
1773,629,146,4,147.18,588.72,25,delivered,mobile,2026-04-13
2331,151,147,3,unknown,541.68,0,shipped,store,2026-03-09
2831,459,120,6,249.58,1497.48,10,paid,store,2026-02-15
1784,21,112,7,358.92,2512.44,10,shipped,store,2025-11-18
419,294,133,6,283.75,1702.5,5,paid,web,
2103,662,25,3,350.68,1052.04,0,new,,2026-02-14
295,344,15,2,325.95,,15,cancelled,store,
2418,17,114,7,269.37,1885.59,5,cancelled,store,2025-08-14
316,7,107,8,336.63,97184.84053784813,0,shipped,web,2025-08-23
2157,354,147,7,-179.88,-1259.16,10,paid,store,2026-06-21
1822,154,93,6,72.14,432.84,15,new,store,2026-07-02
191,451,22,1,402.23,402.23,15,paid,mobile,2025-08-31
909,230,60,3,265.28,795.84,0,new,partner,2025-12-04
12,182,104,4,59.87,239.48,15,PAID,,2025-12-11
1984,314,17,5,353.39,1766.95,0,shipped,partner,2026-02-20
2473,531,77,7,55.21,386.47,25,paid,store,2026-07-08
1935,700,19,3,136.27,408.81,10,delivered,web,2026-02-10
2503,649,13,1,176.34,176.34,0,delivered,web,2026-02-16
1164,385,39,1,76.83,76.83,10,shipped,partner,2026-04-13
1271,51,122,1,495.45,495.45,15,paid,mobile,not a date
1622,516,104,8,175.26,1402.08,5,  cancelled ,web,2025-11-26
1282,666,59,2,160.06,320.12,0,delivered,web,2026-02-21
415,58,102,5,375.15,1875.75,,delivered,mobile,2025-11-20
1634,747,11,6,392.1,2352.6,0,shipped,partner,
268,715,2,3,69.26,207.78,10,paid,mobile,2025-12-27
1446,485,44,5,419.48,2097.4,25,new,mobile,
1373,642,150,,50.04,250.2,0,cancelled,store,2025-11-28
1520,254,94,1,290.17,290.17,25,cancelled,store,2025-10-01
28,187,7,5,278.14,1390.7,0,paid,web,2026-02-23
2548,432,125,2,16.63,33.26,0,delivered,mobile,2025-08-23
505,55,11,6,273.31,1639.86,5,new,WEB,2025-11-11
2971,772,101,1,63.68,63.68,0,paid,partner,2026-08-04
1927,224,117,,441.43,1324.29,25,new,,2026-03-12
1602,224,102,3,240.91,722.73,15,delivered,mobile,2026-02-07
2578,660,55,3,213.5,640.5,25,new,web,2026-04-17
1937,583,109,2,-178.3,,25,delivered,partner,2025-10-15
2592,351,52,7,95.71,669.97,5,new,partner,2025-08-18
992,147,21,5,457.43,2287.15,25,cancelled,partner,2025-08-07
2792,360,148,5,484.1,2420.5,5,shipped,partner,2025-11-09
2507,7,119,6,410.04,2460.24,0,paid,partner,2025-12-15
413,392,142,2,172.45,344.9,0,shipped,mobile,2026-04-14
1516,17,142,2,44.42,88.84,0,delivered,mobile,2025-09-01
1279,299,88,6,151.05,906.3,15,shipped,web,2026-05-02
1940,427,93,7,70.7,,5,paid,mobile,2025-12-25
1790,694,49,1,370.04,-370.04,15,paid,web,2025-10-11
818,623,115,7,411.71,2881.97,15,cancelled,partner,2026-08-01
2020,131,30,7,91.67,641.69,5,paid,store,2026-04-09
1868,247,144,8,294.48,2355.84,10,paid,store,2025-08-14
2092,728,33,8,88.45,707.6,10,shipped,partner,2026-04-19
1242,529,113,4,428.39,1713.56,25,cancelled,mobile,2026-05-12
2541,255,138,6,390.74,2344.44,,cancelled,web,2026-07-11
1266,747,97,1,397.91,397.91,25,,web,2025-11-16
2688,672,34,8,437.01,3496.08,25,new,store,2025-09-26
2261,476,48,4,297.02,1188.08,5,new,mobile,2026-03-04
399,106,83,6,120.55,723.3,0,paid,store,not a date
1299,482,58,1,269.33,269.33,0,cancelled,mobile,2025-12-15
1595,697,78,2,301.59,603.18,15,delivered,mobile,2025-10-13
370,624,113,5,230.67,1153.35,0,paid,partner,2026-06-14
1045,575,17,8,278.0,2224.0,10,new,web,2025-09-26
435,420,76,2,356.57,713.14,10,paid,mobile,2025-08-12
682,5,145,7,92.85,649.95,0,DELIVERED,mobile,2026-04-29
2095,371,59,2,463.33,926.66,0,paid,mobile,2026-08-07
1293,732,79,2,308.26,616.52,0,cancelled,web,2026-05-14
2028,309,52,4,289.63,1158.52,0,shipped,web,2026-05-21
2737,474,23,5,13.18,65.9,5,new,partner,2026-05-15
870,621,75,1,241.12,241.12,10,delivered,store,2025-10-04
1167,606,13,7,14.55,101.85,0,paid,partner,2025-12-08
1209,350,143,3,455.1,1365.3,0,new,mobile,2025-10-31
1252,126,61,1,348.47,348.47,0,delivered,mobile,2025-11-21
972,472,81,8,354.51,2836.08,0,,store,2026-06-07
1143,71,132,2,119.31,238.62,5,new,mobile,2025-11-01
2732,492,16,5,452.93,2264.65,10,paid,store,2025-12-13
1255,176,11,5,223.29,1116.45,0,shipped,mobile,2026-02-04
2444,669,36,8,23.63,189.04,0,new,mobile,2026-02-13
969,481,31,5,164.46,822.3,15,delivered,partner,2026-05-22
917,340,74,3,392.69,1178.07,0,cancelled,web,2025-12-17
2183,730,47,1,456.9,,5,delivered,web,2026-03-02
1026,399,76,7,33.26,232.82,15,paid,store,2025-09-15
2579,772,40,7,248.0,1736.0,10,,store,2025-11-04
2034,729,132,7,46.16,323.12,10,shipped,web,2026-01-06
2976,81,3,7,121.23,848.61,10,delivered,store,2026-05-18
183,128,64,2,309.61,,15,new,mobile,2026-01-03
1353,479,18,4,70.2,280.8,15,new,store,2026-03-17
2147,464,24,6,390.42,2342.52,0,paid,mobile,2025-12-12
1907,510,138,3,159.88,479.64,15,,partner,2025-12-11
2840,789,94,7,N/A,1303.26,0,new,web,2026-05-16
1251,747,99,5,450.55,2252.75,25,paid,store,2025-12-06
1948,408,131,6,118.26,709.56,0,cancelled,store,2026-05-28
380,176,105,1,37.77,37.77,15,cancelled,partner,2026-03-27
1596,359,45,3,16.0,48.0,15,cancelled,partner,2026-05-26
978,615,104,,unknown,331.7,5,shipped,partner,2026-07-18
2309,279,118,2,418.75,837.5,0,new,web,2026-02-13
551,742,62,4,27.39,109.56,0,shipped,mobile,2025-09-27
1549,596,96,6,14.57,87.42,0,new,partner,2026-02-16
1355,172,36,5,407.36,2036.8,25,cancelled,web,2026-04-23
1291,728,49,6,203.0,1218.0,0,paid,web,2026-08-03
2682,776,61,7,423.88,2967.16,10,,store,2026-06-19
1442,421,6,2,378.81,757.62,10,paid,mobile,2025-11-07
185,311,142,5,303.87,1519.35,0,,web,2025-12-29
2851,304,46,5,127.9,639.5,5,delivered,partner,2026-02-27
2288,287,87,1,237.68,237.68,15,paid,store,2026-06-04
2325,258,5,4,439.81,1759.24,0,paid,partner,2026-07-06
2320,160,15,6,119.21,715.26,10,delivered,store,2025-09-29
1551,238,50,1,407.73,407.73,10,cancelled,web,2026-01-31
211,552,142,4,94.09,376.36,15,new,partner,2026-05-24
2823,475,117,6,485.32,2911.92,0,new,mobile,2026-02-02
2644,44,26,5,23.78,118.9,0,paid,  store ,2026-07-03
2141,161,85,1,256.75,256.75,0,paid,partner,2026-07-15
1313,55,97,1,418.63,418.63,0,delivered,partner,2025-11-13
1284,659,37,8,346.2,2769.6,5,CANCELLED,partner,2026-03-29
523,474,144,2,200.17,400.34,25,,web,2026-04-19
2841,457,81,7,323.43,2264.01,25,new,web,2025-08-14
530,345,89,3,381.58,1144.74,0,,mobile,2026-03-28
746,733,110,1,449.49,449.49,25,shipped,store,2026-07-24
2749,359,28,1,355.03,355.03,5,delivered,store,2025-11-25
491,433,24,1,375.89,375.89,10,shipped,web,2026-06-24
697,467,128,5,350.35,1751.75,25,delivered,partner,2026-03-25
1053,652,63,7,18.41,128.87,15,paid,mobile,2026-04-04
2084,607,102,8,362.4,2899.2,0,shipped,web,2026-06-30
1633,579,50,5,405.81,2029.05,15,shipped,store,
1559,10,66,2,6.38,12.76,25,paid,store,0000-00-00
531,307,62,3,426.7,1280.1,0,paid,mobile,2026-01-12
1232,547,111,3,200.37,601.11,0,delivered,partner,
2583,128,60,1,165.75,165.75,5,shipped,partner,2026-01-10
128,114,105,6,449.73,2698.38,0,new,partner,2026-01-15
852,153,58,3,219.62,658.86,0,  paid ,partner,2025-08-08
688,539,76,6,174.81,1048.86,0,paid,web,2026-02-12
894,687,23,1,187.79,187.79,0,DELIVERED,mobile,2026-03-10
1959,18,1,7,109.27,764.89,0,paid,mobile,2026-07-12
1715,641,143,2,389.27,778.54,25,cancelled,store,2026-05-06
359,529,131,4,428.41,1713.64,15,shipped,partner,2026-04-16
2127,72,13,5,385.06,1925.3,0,paid,WEB,2026-06-24
963,173,1,5,79.43,397.15,5,cancelled,  partner ,2026-03-13
2324,646,146,4,114.95,459.8,5,paid,store,2025-10-07
181,575,150,7,50.97,356.79,0,new,partner,2026-03-25
2050,489,132,8,233.45,1867.6,10,cancelled,web,2025-11-17
581,281,49,3,173.15,-519.45,10,new,  store ,
1408,325,140,4,21.85,87.4,15,shipped,web,2025-11-01
519,733,61,3,82.51,247.53,0,cancelled,partner,2026-04-02
1708,102,107,8,137.32,1098.56,10,paid,partner,2025-11-28
1716,730,105,3,336.43,1009.29,5,NEW,partner,2025-08-14
2476,147,131,5,173.38,866.9,10,delivered,store,2026-02-14
813,612,84,1,304.25,373632.2103394649,10,new,partner,2026-04-16
2455,288,50,3,371.81,1115.43,5,cancelled,partner,2025-10-18
315,430,95,1,7.46,7.46,10,shipped,store,2026-06-30
2722,321,3,4,368.72,226402.90866987474,25,cancelled,web,2026-02-24
300,3,3,2,322.59,645.18,0,delivered,,2025-11-15
1815,578,23,3,59.79,179.37,5,cancelled,partner,2026-03-01
2766,208,147,7,317.21,2220.47,5,paid,store,2025-12-18
936,271,34,5,403.95,2019.75,10,paid,partner,
2932,380,76,5,6.96,34.8,10,shipped,partner,2026-06-18
227,689,71,6,268.08,1608.48,,new,partner,2025-08-09
2916,34,74,8,79.74,637.92,0,cancelled,mobile,2026-07-28
2576,218,48,2,,368.46,15,delivered,web,2025-10-24
1954,514,100,3,214.03,642.09,25,new,partner,2026-01-14
690,31,89,8,,2397.76,15,cancelled,mobile,2026-05-10
654,57,118,1,268.87,268.87,25,paid,mobile,2026-06-18
1201,343,8,4,193.35,773.4,,paid,web,not a date
990,44,134,7,206.92,1448.44,25,cancelled,store,2025-12-27
230,72,62,2,482.33,964.66,25,,store,2025-11-23
1157,335,125,1,128.8,128.8,5,NEW,PARTNER,2025-11-17
2972,302,29,4,23.47,93.88,10,shipped,WEB,2026-07-06
2526,454,143,8,325.36,2602.88,0,shipped,mobile,2025-09-30
2784,213,126,7,474.52,3321.64,25,new,store,2025-08-09
1262,582,78,4,397.64,1590.56,0,shipped,mobile,2026-07-22
779,724,39,1,-153.14,153.14,5,paid,store,2025-08-22
801,621,129,1,448.99,448.99,0,cancelled,web,2025-12-15
2715,111,108,5,34.71,173.55,0,paid,mobile,2026-05-14
538,282,28,1,330.09,330.09,15,paid,store,2026-01-28
2482,515,117,1,-113.06,113.06,0,  cancelled ,partner,2026-04-26
1206,362,60,,34.03,272.24,0,delivered,partner,2025-10-10
2081,532,127,6,243.52,1461.12,10,shipped,partner,2025-10-17
1183,76,145,1,62.86,62.86,0,  delivered ,store,2026-01-15
2977,560,21,6,442.79,2656.74,0,  delivered ,  web ,2026-05-23
2201,424,112,7,336.72,2357.04,5,delivered,web,2026-06-08
1705,605,129,4,440.4,1761.6,10,paid,store,2025-11-27
772,736,134,2,344.2,688.4,15,new,mobile,2026-03-22
2446,667,88,3,-315.59,946.77,25,paid,,2026-04-07
2333,755,103,5,154.28,771.4,0,paid,store,2026-04-06
921,464,4,1,466.71,466.71,0,,mobile,2025-10-28
2159,172,142,4,342.83,1371.32,25,,web,2025-11-21
2837,276,75,8,47.15,377.2,5,new,store,2026-08-04
1001,529,110,6,88.7,532.2,10,cancelled,store,2026-07-15
1124,485,25,5,355.28,1776.4,15,shipped,mobile,2026-06-13
2574,556,133,7,472.42,3306.94,0,new,web,2025-11-19
599,296,106,1,301.79,301.79,0,  delivered ,web,2026-03-25
2001,291,137,3,373.42,1120.26,0,delivered,,2026-01-05
935,684,40,4,222.48,889.92,5,new,  web ,2025-10-08
1460,107,67,4,188.86,755.44,0,cancelled,mobile,2026-02-03
2348,655,12,1,N/A,130.5,0,delivered,partner,2026-01-16
1233,212,52,1,113.8,113.8,0,new,mobile,2026-06-23
2879,322,19,2,363.05,,25,cancelled,mobile,2026-06-28
2228,614,73,1,140.79,140.79,5,paid,store,2026-05-17
379,442,81,3,125.23,375.69,0,shipped,partner,2025-10-11
1660,370,84,4,365.98,1463.92,0,paid,web,2026-03-03
1846,194,1,4,478.61,1914.44,5,delivered,mobile,2026-05-29
2964,671,13,4,292.78,1171.12,0,cancelled,partner,
2980,67,45,2,280.35,560.7,5,shipped,store,2026-05-07
966,727,70,8,164.71,1317.68,25,paid,partner,2025-10-31
1848,252,104,2,76.39,152.78,0,paid,store,2025-08-19
2862,351,88,7,132.48,927.36,5,new,store,2026-01-14
2870,94,30,3,336.17,1008.51,15,delivered,store,2026-05-28
2944,106,59,5,300.49,1502.45,15,new,store,2026-01-22
1823,759,30,6,222.83,1336.98,10,cancelled,mobile,2025-08-07
2356,725,98,7,491.21,3438.47,0,cancelled,web,2026-06-16
2008,724,60,3,203.1,609.3,5,delivered,web,2025-08-25
2327,603,84,1,436.18,436.18,10,cancelled,partner,2025-09-18
1992,103,77,4,390.02,1560.08,25,DELIVERED,store,2026-03-04
2490,472,148,2,416.85,833.7,0,  shipped ,partner,2026-06-30
2936,332,106,6,23085.772932230022,549.72,10,shipped,web,2025-09-16
1211,555,139,8,449.79,3598.32,0,new,partner,2026-02-26
1952,47,97,5,473.91,2369.55,0,new,partner,2026-03-13
422,495,141,4,213.26,853.04,15,paid,web,2026-07-01
941,363,115,2,435.11,870.22,10,new,mobile,2025-10-06
2845,364,15,7,324.89,2274.23,0,delivered,store,2026-07-10
343,320,144,4,104.76,419.04,25,cancelled,web,2026-01-26
2748,264,18,3,-478.2,1434.6,0,delivered,partner,2026-05-22
975,334,119,2,-214.06,428.12,25,delivered,mobile,2026-07-03
2702,649,100,1,155.55,155.55,0,DELIVERED,store,2026-03-10
2830,446,34,3,47.56,142.68,0,delivered,partner,2025-09-03
2386,383,26,3,59.45,178.35,0,delivered,mobile,2026-03-18
1967,561,19,1,207.43,207.43,0,delivered,store,2025-08-25
2395,42,38,1,52.77,52.77,0,paid,store,2025-09-06
2235,295,22,5,129.47,647.35,0,new,mobile,2026-03-15
650,10,149,1,249.24,249.24,0,delivered,mobile,2026-01-10
749,384,27,8,80.08,,0,delivered,store,2026-07-09
1145,294,81,8,102.3,818.4,0,shipped,MOBILE,2025-09-23
2182,20,75,3,192.92,578.76,5,new,partner,2026-02-27
642,225,147,7,70.57,,15,cancelled,store,
849,276,76,5,186.19,930.95,5,delivered,store,2026-07-21
1187,126,96,8,362.76,2902.08,0,shipped,partner,2025-10-08
1273,212,139,5,-125.39,626.95,15,new,store,2026-06-11
653,115,123,8,327.12,2616.96,5,paid,partner,2025-09-28
2863,526,22,1,,23.95,25,  delivered ,web,
2132,787,90,3,164.29,492.87,0,cancelled,mobile,2025-08-08
2283,668,103,7,471.82,3302.74,25,delivered,partner,2025-09-25
2388,526,147,4,424.5,1698.0,5,delivered,partner,2025-10-01
1835,38,36,5,234.32,1171.6,,shipped,store,2026-01-10
594,72,70,8,35.32,282.56,0,shipped,store,2026-06-22
702,798,38,6,N/A,1437.18,25,shipped,store,2026-07-26
2483,7,98,4,34051.434180632394,1214.96,0,new,mobile,2026-07-10
1476,480,25,,276.71,1383.55,0,shipped,mobile,2025-09-25
2713,611,116,5,379.56,1897.8,5,,web,2025-10-12
2816,408,107,6,57.52,345.12,0,paid,mobile,2025-11-01
2009,70,89,5,382.67,1913.35,0,shipped,store,2026-05-31
1589,225,40,6,408.09,2448.54,0,shipped,partner,2026-05-11
2046,33,69,1,294.25,294.25,0,new,mobile,2025-09-04
2726,408,65,1,311.93,311.93,5,paid,partner,2025-08-24
527,792,102,8,158.82,1270.56,15,delivered,partner,2026-06-12
2848,83,12,6,263.44,1580.64,0,cancelled,partner,2026-02-15
312,552,98,6,431.93,2591.58,0,new,partner,2026-02-28
1695,719,37,,454.43,1817.72,25,cancelled,web,
375,200,48,5,79.42,397.1,0,paid,partner,2025-09-26
1117,516,11,1,194.01,194.01,0,delivered,  store ,2025-08-08
1318,112,90,5,83.56,417.8,15,shipped,web,2026-06-22
717,266,127,5,416.81,2084.05,0,cancelled,MOBILE,2026-01-24
1453,509,83,7,372.87,2610.09,0,cancelled,mobile,2025-10-15
620,202,78,6,261.41,1568.46,25,cancelled,web,2025-10-31
584,386,124,5,324.1,1620.5,25,delivered,web,2026-04-04
2429,218,126,1,484.5,484.5,0,cancelled,mobile,2026-08-06
2445,154,18,3,174.28,522.84,25,shipped,web,2025-09-05
771,214,26,2,64.94,129.88,25,paid,store,2026-03-10
425,610,72,2,330.99,661.98,10,shipped,mobile,
2318,479,106,5,441.65,2208.25,10,delivered,mobile,2026-04-13
763,695,145,4,94.9,379.6,0,cancelled,web,2026-03-12
82,318,16,4,475.26,1901.04,25,delivered,store,2025-11-28
354,703,126,4,473.45,1893.8,15,new,store,2026-04-13
1278,457,149,7,312.38,2186.66,,new,store,2026-04-15
1163,633,89,1,286.01,286.01,10,cancelled,web,2025-11-23
337,660,55,3,39.83,119.49,10,new,,2026-03-28
2104,89,45,5,315.87,1579.35,,cancelled,partner,2025-11-17
2532,252,71,4,16.72,66.88,0,delivered,store,2025-08-25
2216,726,31,1,,,15,delivered,web,2025-10-22
2426,220,36,8,282.63,2261.04,0,shipped,store,2026-01-01
1392,242,56,8,162.62,1300.96,10,cancelled,mobile,2026-04-05
1177,568,27,7,137.17,960.19,0,new,web,2025-10-24
2911,235,80,5,325.63,1628.15,10,paid,  store ,2025-12-27
2625,615,147,7,63.11,441.77,0,delivered,  store ,2026-05-19
1341,190,4,6,459.22,2755.32,0,shipped,store,2026-04-19
2010,379,29,1,305.34,305.34,15,  cancelled ,store,2025-10-10
1594,196,41,6,347.04,2082.24,25,new,store,2026-07-07
2627,133,20,6,284.92,1709.52,0,new,web,2026-06-27
1162,216,32,8,326.8,2614.4,0,new,web,2026-02-19
1449,389,86,1,282.81,282.81,0,new,store,2026-03-21
1052,26,86,7,262.92,1840.44,,delivered,store,2025-10-08
1501,20,96,8,81.47,651.76,25,delivered,mobile,2026-01-25
13,183,149,7,153.67,1075.69,0,CANCELLED,partner,2026-05-16
141,338,28,4,9.75,39.0,15,,STORE,2025-09-16
214,561,17,3,73.63,-220.89,25,delivered,partner,2025-12-03
2789,680,135,2,201.59,403.18,25,paid,store,2026-02-06
2273,158,41,8,440.87,3526.96,0,paid,web,2026-06-22
1170,349,13,2,471.74,,0,paid,web,2026-01-22
1939,283,85,1,306.25,306.25,25,delivered,WEB,2025-10-19
2554,661,106,5,342.82,1714.1,0,cancelled,partner,2026-04-15
1827,753,25,2,318.28,636.56,10,new,partner,2025-11-25
898,598,140,1,472.73,83899.37883742116,5,new,mobile,2025-11-18
1346,795,79,1,301.22,301.22,0,delivered,mobile,31/02/2023
2568,441,6,5,481.88,2409.4,10,new,web,2025-11-30
2626,394,53,8,409.9,3279.2,0,cancelled,mobile,2026-07-24
1503,541,27,3,116.67,350.01,0,shipped,store,2026-01-26
2836,43,96,1,70.0,70.0,10,SHIPPED,web,31/02/2023
1732,692,63,8,202.49,1619.92,0,cancelled,mobile,2025-09-08
695,42,99,2,392.87,785.74,,CANCELLED,web,2026-06-25
1703,62,54,2,107.81,215.62,25,cancelled,store,2025-10-21
2664,753,26,7,27.69,193.83,0,cancelled,web,2025-10-02
2642,140,123,2,304.79,609.58,25,delivered,  web ,2026-07-05
1380,428,21,6,46.36,278.16,5,shipped,web,2026-03-22
2681,181,140,4,192.68,770.72,15,cancelled,mobile,2026-02-09
559,163,66,7,395.72,2770.04,0,new,mobile,
2016,183,21,2,205.37,410.74,0,new,partner,2026-01-12
2271,632,15,2,29.77,-59.54,0,shipped,web,2025-10-27
1772,146,99,5,351.8,1759.0,10,delivered,store,2025-10-31
2794,163,77,8,276.78,2214.24,0,,partner,2026-02-15
1389,167,13,1,452.94,452.94,0,paid,store,2025-08-24
2883,717,127,3,N/A,1380.72,15,cancelled,mobile,2026-07-19
2775,529,137,7,126.38,884.66,5,shipped,partner,2026-01-06
2747,602,38,4,262.37,1049.48,10,shipped,partner,2026-06-22
1971,397,75,8,239.85,1918.8,0,paid,mobile,2026-04-17
2669,484,77,3,32.33,96.99,5,  shipped ,store,2026-03-22
842,161,10,4,75.25,301.0,0,,WEB,2026-02-20
2659,575,60,1,163.11,163.11,0,delivered,store,
2591,194,43,5,40934.145938882575,2286.9,10,delivered,partner,2026-02-16
1829,441,83,4,387.64,1550.56,25,paid,STORE,2026-07-07
1312,425,59,1,496.76,496.76,5,paid,partner,31/02/2023
826,463,147,2,124.92,249.84,0,shipped,store,2026-07-06
2675,474,52,4,343.22,1372.88,25,paid,mobile,2025-12-18
1951,398,150,1,317.8,317.8,0,paid,partner,2026-06-01
985,182,137,6,266.44,1598.64,25,shipped,web,2026-02-10
2298,519,129,8,134.08,1072.64,5,cancelled,web,2025-09-03
2926,559,143,1,377.16,377.16,5,paid,store,2025-08-23
1404,13,146,6,205.29,,25,paid,partner,2025-11-12
418,38,140,6,218.17,1309.02,25,delivered,partner,2026-05-07
2114,471,68,5,303.13,1515.65,0,paid,partner,2026-01-14
1186,180,78,6,189.21,1135.26,0,shipped,mobile,2026-01-27
2052,89,1,6,-336.9,2021.4,0,delivered,partner,2025-08-23
393,654,33,8,95.7,765.6,10,cancelled,mobile,2025-10-20
1102,672,144,4,344.74,,15,shipped,store,2026-03-16
1629,184,90,4,353.53,-1414.12,0,SHIPPED,partner,2026-03-11
899,705,95,4,344.57,1378.28,0,,partner,2026-01-04
1415,591,95,8,51.59,412.72,0,  shipped ,partner,2025-10-04
1093,458,139,2,196.32,392.64,25,shipped,  store ,2026-06-15
420,273,100,2,164.61,329.22,0,paid,partner,2025-08-09
208,140,71,7,241.97,1693.79,0,shipped,store,2026-03-13
162,486,69,6,404.65,2427.9,0,new,  partner ,2025-10-06
2279,763,106,5,453.85,2269.25,0,NEW,store,2026-04-02
998,165,75,2,162.55,325.1,0,delivered,web,2026-07-13
432,482,112,4,181.56,,5,paid,mobile,0000-00-00
2505,160,120,6,356.54,2139.24,25,delivered,  mobile ,2026-01-21
2764,431,59,7,338.23,2367.61,15,delivered,store,
1921,384,64,7,9.66,67.62,0,cancelled,mobile,2026-07-16
687,781,51,7,-247.08,1729.56,5,paid,web,2026-01-26
2368,727,6,3,68.88,-206.64,0,paid,mobile,
2834,2,64,8,314.97,2519.76,0,shipped,partner,2026-04-24
1499,517,133,2,314.6,629.2,,shipped,web,2026-06-14
262,329,87,3,-258.88,776.64,0,new,,2026-01-29
450,632,124,3,374.99,,0,cancelled,mobile,2025-11-29
2466,307,105,4,150.66,602.64,0,delivered,mobile,2026-01-22
1824,752,25,5,41.35,206.75,10,cancelled,mobile,2026-04-13
1024,475,10,5,343.55,1717.75,0,new,STORE,2026-02-28
306,759,64,2,108.34,216.68,,delivered,web,2023-13-45
829,167,25,2,155.07,310.14,5,shipped,mobile,2026-03-08
2136,560,83,8,456.61,3652.88,0,delivered,,2025-11-04
2310,189,113,8,161.16,1289.28,25,shipped,store,2026-03-28
1628,348,63,3,110.7,332.1,0,cancelled,web,2026-04-01
2751,327,105,3,-74.36,223.08,15,  shipped ,partner,2025-08-31
2162,225,20,8,489.07,3912.56,15,delivered,store,2026-05-26
2165,778,34,6,84.26,505.56,5,cancelled,WEB,2026-04-16
1953,72,83,2,273.83,547.66,10,delivered,web,2026-02-15
278,56,101,4,29.2,116.8,0,paid,store,2026-01-06
2990,123,53,3,88.14,264.42,15,paid,store,2026-03-26
976,197,6,4,421.39,1685.56,25,shipped,store,2025-09-27
71,766,120,7,260.14,1820.98,0,delivered,partner,2026-06-21
2853,747,16,3,445.72,1337.16,0,cancelled,web,2026-04-29
319,28,39,5,72.5,362.5,,new,web,2026-03-01
1680,560,121,2,209.11,418.22,25,paid,mobile,2025-11-12
1621,653,23,8,N/A,2474.24,0,cancelled,mobile,2026-04-05
1924,124,25,2,148.11,296.22,0,cancelled,partner,2026-01-15
2203,578,122,3,203.01,609.03,0,new,mobile,2025-10-20
489,150,53,7,280.63,1964.41,25,cancelled,partner,2026-08-01
2871,777,32,4,100.71,402.84,0,paid,store,2026-06-20
2263,249,12,5,313.2,1566.0,0,  cancelled ,web,2025-12-28
2727,648,130,1,264.85,264.85,0,delivered,store,2025-12-18
2654,407,137,1,11.76,11.76,15,shipped,mobile,2026-06-24
350,539,136,8,417.73,3341.84,15,delivered,mobile,2025-11-19
2083,25,99,7,174.48,1221.36,25,paid,mobile,2025-08-07
1174,359,89,5,16.59,82.95,0,paid,mobile,2026-06-29
2196,782,76,2,462.24,924.48,0,cancelled,store,2025-08-10
2169,334,144,1,241.68,241.68,5,shipped,mobile,2025-12-10
2056,80,102,3,12.92,38.76,10,delivered,  partner ,2026-04-12
2857,600,18,1,68.76,68.76,25,paid,web,2026-01-21
820,130,147,4,114.77,459.08,25,delivered,partner,2026-01-12
490,605,54,7,428.11,2996.77,0,shipped,mobile,2026-05-22
1936,742,142,7,454.78,3183.46,10,delivered,web,2023-13-45
611,428,11,7,94.32,660.24,,delivered,store,2026-05-31
1275,745,111,8,90.47,723.76,0,new,partner,2026-07-29
745,526,97,,457.92,1373.76,10,shipped,store,2026-03-08
260,629,46,5,350.6,1753.0,0,paid,web,2026-03-05
11,266,103,8,445.96,3567.68,0,new,mobile,2025-09-25
2080,36,113,3,374.66,1123.98,15,cancelled,mobile,2025-11-23
1781,680,67,8,346.0,2768.0,15,delivered,partner,31/02/2023
2399,138,47,7,482.2,3375.4,10,paid,mobile,2025-08-22
637,271,44,2,279.31,558.62,,new,mobile,2026-03-29
2148,545,79,6,57.36,344.16,0,paid,PARTNER,2026-05-09
1362,738,133,6,404.83,2428.98,0,delivered,mobile,2026-07-27
353,680,95,4,419.73,1678.92,5,shipped,web,2025-12-30
2904,84,121,5,282.2,1411.0,0,delivered,web,2025-09-10
1370,203,113,5,451.66,2258.3,0,paid,store,2025-09-22
1379,486,74,1,407.63,407.63,0,cancelled,mobile,2025-08-08
100,550,19,3,106.79,320.37,0,new,web,2025-11-21
1205,26,78,1,168.83,168.83,15,new,partner,2026-04-18
1259,612,79,8,100.47,803.76,15,paid,partner,2026-07-05
2479,664,110,7,73.46,514.22,5,new,mobile,2025-10-13
1550,24,46,4,443.01,1772.04,15,shipped,store,2026-04-11
1973,446,138,4,213.13,-852.52,0,paid,store,2025-12-07
789,633,116,6,276.97,1661.82,10,shipped,partner,2026-02-10
2231,781,101,5,394.84,1974.2,0,shipped,store,2025-11-01
101,367,61,7,120.47,290243.0155763791,0,new,mobile,2025-09-09
1991,551,77,8,193.69,1549.52,15,delivered,mobile,2025-08-15
421,569,93,5,338.79,1693.95,0,cancelled,web,2026-05-07
1901,642,95,5,,2183.4,5,delivered,mobile,2026-03-30
2003,370,13,5,489.84,2449.2,15,cancelled,web,2026-04-28
365,92,74,1,96.7,96.7,0,cancelled,mobile,2025-08-15
2539,633,145,3,338.41,1015.23,0,paid,partner,2026-05-03
2822,525,93,1,172.63,172.63,0,new,partner,2026-01-20
414,569,2,8,362.3,2898.4,15,shipped,partner,2026-03-05
571,465,110,1,388.13,388.13,10,paid,store,2026-03-15
1963,794,137,3,52.54,157.62,0,new,mobile,2025-09-27
2250,35,16,6,29.04,174.24,0,cancelled,,2026-01-04
95,91,105,3,469.49,1408.47,,cancelled,store,2025-11-04
2033,141,148,2,275.34,,5,delivered,web,0000-00-00
1391,649,36,5,376.77,1883.85,5,delivered,store,2026-01-08
2765,795,42,,184.9,1109.4,15,,mobile,2025-10-27
2687,626,1,5,432.77,2163.85,0,cancelled,partner,2026-02-26
2258,266,55,5,316.53,1582.65,0,paid,mobile,2026-04-23
2328,555,110,3,269.6,808.8,5,paid,web,2026-01-27
265,70,115,8,34.92,279.36,0,delivered,partner,2025-11-30
705,679,91,7,472.3,3306.1,0,paid,web,
914,763,129,5,354.31,1771.55,5,shipped,partner,2026-01-10
83,194,144,1,212.35,212.35,0,delivered,partner,2026-01-03
498,548,68,6,200.21,1201.26,10,paid,partner,2025-08-31
38,194,98,3,176.32,528.96,0,new,web,2026-07-01
331,274,50,3,419.23,1257.69,5,shipped,mobile,2026-02-27
1056,527,128,3,380.79,1142.37,10,shipped,web,2025-10-10
967,241,87,2,102.78,205.56,10,new,web,2025-11-27
1699,706,150,6,214.25,1285.5,0,shipped,partner,2025-09-10
835,186,88,3,253.28,759.84,0,cancelled,store,2026-04-08
569,290,10,6,443.08,2658.48,0,cancelled,store,
1701,143,51,7,205.77,1440.39,5,delivered,mobile,2026-01-03
706,618,15,8,113.22,905.76,5,cancelled,store,2025-08-16
716,543,25,4,351.11,1404.44,10,new,mobile,2025-10-21
2032,438,20,1,19.66,19.66,0,paid,mobile,2025-12-15
2699,711,28,1,45.2,45.2,0,delivered,web,2026-06-18
2029,785,45,,292.38,,25,delivered,mobile,2025-11-07
1547,680,22,2,227.88,455.76,0,shipped,partner,2026-07-07
2856,300,117,2,354.89,709.78,0,cancelled,partner,2026-03-19
2154,397,36,8,298.6,2388.8,10,new,store,2025-12-23
1410,163,76,4,423.94,1695.76,15,paid,web,2026-07-15
1896,356,102,1,135.11,135.11,5,delivered,store,2026-07-31
1369,264,139,5,180.06,900.3,25,paid,web,2026-01-21
2806,373,83,2,284.33,568.66,25,paid,partner,2025-12-16
1173,495,27,5,136.65,683.25,15,cancelled,partner,
241,62,53,1,322.78,322.78,0,delivered,web,2026-04-15
1971,397,75,8,239.85,1918.8,0,paid,mobile,2026-04-17
1256,576,107,2,47.61,95.22,0,shipped,,2025-10-24
303,15,51,3,270.63,811.89,0,paid,web,0000-00-00
1202,537,29,,453.49,453.49,5,cancelled,mobile,2026-07-14
1405,605,52,3,89.89,269.67,25,delivered,store,2025-09-15
1248,456,107,1,295.21,295.21,0,delivered,mobile,2026-01-27
1254,247,62,1,401.88,401.88,0,delivered,web,2025-11-23
1154,577,100,8,223.38,1787.04,10,paid,web,2026-05-08
953,119,94,6,311.57,1869.42,0,delivered,partner,2026-02-12
2587,501,104,4,491.97,1967.88,25,delivered,store,31/02/2023
2946,790,25,8,396.72,3173.76,5,shipped,partner,2025-08-14
444,8,41,8,109.67,877.36,0,paid,mobile,2025-09-17
2272,748,115,5,-480.82,2404.1,0,,web,2025-10-10
2788,179,91,4,351.8,1407.2,25,,store,2026-07-11
81,686,53,2,221.52,443.04,5,paid,web,2026-03-12
662,724,30,4,295.1,1180.4,0,shipped,partner,2025-11-30
99,681,133,6,220.85,1325.1,,shipped,mobile,31/02/2023
1888,32,89,1,424.51,,25,new,mobile,0000-00-00
1987,689,149,4,19.81,79.24,10,paid,partner,2025-09-01
525,426,70,5,90.8,224860.29392023885,5,paid,web,2025-12-25
2257,423,23,8,312.05,2496.4,0,shipped,partner,2026-03-24
1064,758,144,8,187.0,1496.0,5,paid,partner,2025-09-11
1136,310,72,1,106.6,106.6,0,NEW,  store ,2026-06-24
1748,651,44,5,401.7,2008.5,0,new,WEB,2026-01-18
1988,135,55,1,111.1,111.1,0,shipped,store,2025-11-22
1766,538,131,8,495.77,3966.16,0,delivered,WEB,2026-02-14
178,699,143,5,288.85,1444.25,15,paid,partner,2026-07-03
1461,409,131,1,325.44,-325.44,0,new,store,2026-06-09
1609,363,9,5,46.41,232.05,25,PAID,mobile,2025-11-11
1481,659,46,4,146.11,584.44,0,cancelled,mobile,2026-07-16
454,232,43,4,,1219.4,0,new,store,2025-10-11
925,403,40,7,237.81,1664.67,0,delivered,  web ,2025-11-04
357,53,13,8,,3083.6,5,new,STORE,2026-05-11
1517,88,57,1,227.57,227.57,25,delivered,partner,2026-02-25
731,515,128,8,466.43,3731.44,25,new,web,2026-03-10
2038,251,72,4,402.44,1609.76,5,shipped,store,2026-06-29
1755,775,29,6,17.76,106.56,10,delivered,web,2025-08-09
1344,239,64,2,473.58,947.16,0,new,partner,2025-09-27
609,585,90,7,-211.97,1483.79,0,new,mobile,2026-07-29
308,480,117,1,260.22,260.22,25,shipped,web,2026-06-22
2628,673,73,4,447.21,1788.84,0,new,partner,2025-10-02
666,152,88,3,193.61,580.83,0,,web,2025-11-17
2800,464,111,6,203.19,1219.14,0,new,partner,2025-11-02
200,429,63,7,373.49,2614.43,,new,mobile,2026-02-22
1361,386,23,,493.07,1972.28,5,DELIVERED,  web ,2025-11-09
389,107,45,8,372.89,2983.12,25,  delivered ,store,2026-03-01
2555,198,2,1,333.3,333.3,0,delivered,web,2026-02-17
1719,755,112,5,174.51,872.55,0,DELIVERED,mobile,2026-04-25
1098,76,20,4,388.43,1553.72,0,paid,partner,2025-10-05
2002,267,49,4,83.13,332.52,0,new,mobile,31/02/2023
1919,433,90,3,331.77,995.31,0,shipped,web,2025-11-01
1561,554,54,3,59.37,178.11,5,CANCELLED,partner,2026-02-25
604,234,38,5,351.55,1757.75,5,new,store,2026-03-27
638,208,10,1,480.32,480.32,15,delivered,partner,2026-07-25
385,736,87,7,45.99,321.93,5,paid,mobile,2025-11-16
270,533,75,2,42425.60619626363,392.22,0,delivered,store,2025-08-11
1930,663,99,3,445.68,1337.04,0,delivered,,2026-07-22
2396,704,57,7,328.63,2300.41,5,new,store,2026-08-03
458,486,52,2,103.43,206.86,0,paid,store,2026-07-08
2176,325,141,5,342.6,-1713.0,0,new,web,2025-12-16
987,217,55,6,161.01,966.06,0,cancelled,partner,2026-04-04
1111,436,32,7,90.06,630.42,10,cancelled,store,2025-08-21
2746,609,38,2,251.97,503.94,15,paid,web,2025-11-10
501,695,81,,429.55,2577.3,0,cancelled,partner,
1286,159,11,1,37.35,37.35,10,delivered,mobile,2025-09-08
2564,600,103,,209.62,1048.1,0,delivered,partner,2025-10-02
187,796,15,5,-231.64,1158.2,0,delivered,WEB,2025-12-26
43,30,25,8,276.41,2211.28,5,cancelled,store,2026-04-04
1457,704,130,8,236.29,1890.32,0,paid,mobile,2025-09-02
2720,799,22,5,220.4,1102.0,10,shipped,partner,2026-05-31
2668,705,52,3,37.7,113.1,0,new,web,2026-02-14
2487,247,39,7,111.42,779.94,0,paid,partner,2025-09-14
2469,635,60,4,320.99,-1283.96,10,cancelled,store,2025-10-28
757,361,40,5,193.95,969.75,25,cancelled,web,2025-11-22
416,517,59,3,17.16,51.48,0,delivered,mobile,2026-01-08
1851,75,17,1,20.93,20.93,0,delivered,mobile,2026-04-11
2624,361,52,8,N/A,195594.68362080067,10,paid,web,2026-03-22
1821,558,64,4,436.23,1744.92,5,  new ,web,2025-09-18
1845,42,141,3,89.15,267.45,25,cancelled,mobile,2026-08-06
1308,664,42,5,406.27,2031.35,10,new,partner,2025-10-22
634,179,103,1,63.69,63.69,5,shipped,web,2025-10-17
333,437,64,1,405.81,405.81,15,cancelled,web,2026-01-06
2593,366,32,8,422.82,3382.56,15,cancelled,  store ,2026-06-21
79,524,106,5,365.6,1828.0,10,delivered,mobile,2025-12-18
889,196,124,5,298.62,1493.1,15,new,mobile,2026-02-10
560,465,111,2,464.37,928.74,0,delivered,store,2025-11-23
336,589,18,4,106.07,424.28,5,delivered,mobile,2026-07-04
570,15,30,8,483.22,3865.76,0,new,store,2025-11-19
1714,113,132,7,204.47,1431.29,10,delivered,store,2026-04-23
753,239,24,3,,281.43,0,shipped,store,2025-09-08
1276,724,70,6,408.73,2452.38,0,new,web,2026-03-05
1799,711,65,7,90.23,631.61,,new,mobile,2025-09-15
2087,544,82,6,466.04,2796.24,0,cancelled,mobile,2026-03-06
1751,749,81,8,451.45,3611.6,5,cancelled,mobile,2023-13-45
2952,108,125,1,80.2,80.2,10,new,mobile,2025-08-13
409,551,41,6,304.96,1829.76,25,shipped,mobile,2025-12-08
2774,118,52,2,75.75,151.5,0,paid,,2026-03-14
2900,647,73,7,81.17,568.19,15,delivered,mobile,2025-09-21
656,107,144,4,410.44,1641.76,0,cancelled,web,2025-09-23
1931,384,90,3,57.94,173.82,0,paid,web,2026-04-05
2122,374,144,5,281.59,1407.95,0,paid,store,2026-06-04
585,219,120,8,44591.17571843356,1930.08,15,delivered,mobile,2025-10-19
1600,449,100,1,335.72,335.72,25,delivered,partner,2026-04-26
25,433,86,6,145.68,874.08,0,delivered,mobile,2026-04-20
1670,770,133,3,182.47,547.41,0,delivered,mobile,2025-12-18
376,329,64,4,371.03,1484.12,,shipped,web,2026-01-29
2068,220,45,4,74.04,296.16,10,shipped,mobile,2026-07-15
2267,145,129,7,460.55,3223.85,,shipped,web,2026-05-24
2781,785,20,4,161.71,646.84,15,cancelled,partner,2026-06-25
463,363,133,3,389.4,1168.2,0,PAID,mobile,2026-01-01
1488,495,86,4,N/A,1957.44,25,delivered,store,2026-03-17
31,580,61,6,472.22,2833.32,25,shipped,store,2025-09-20
215,675,37,3,298.13,894.39,0,new,,2026-02-17
2512,44,24,3,,709.14,25,paid,mobile,2026-03-25
1821,558,64,4,436.23,1744.92,5,  new ,web,2025-09-18
2317,561,136,3,73.13,219.39,5,delivered,mobile,2026-06-30
2158,560,37,8,138.61,1108.88,15,,mobile,2026-07-09
121,458,99,2,117.71,235.42,5,shipped,web,2026-06-05
406,427,108,1,423.88,423.88,10,shipped,partner,2026-06-02
2064,353,96,6,286.25,1717.5,5,cancelled,mobile,
1575,229,41,8,198.24,1585.92,10,shipped,mobile,2026-07-27
2291,797,87,5,404.39,2021.95,15,shipped,web,2025-08-28
62,709,87,5,102.85,514.25,25,new,web,2026-03-21
1706,520,49,6,,1222.92,15,delivered,web,2026-05-24
173,371,67,8,138.04,1104.32,5,delivered,mobile,2026-07-07
1601,741,74,1,457.46,457.46,10,shipped,mobile,2026-03-30
1530,336,106,4,224.08,896.32,5,paid,store,2025-12-13
553,207,126,2,266.34,532.68,15,delivered,mobile,2025-12-22
2514,129,84,4,414.4,1657.6,10,shipped,mobile,2025-11-09
2705,544,74,1,161.29,161.29,0,shipped,web,2026-03-23
310,131,149,2,306.2,612.4,0,new,web,2026-06-14
1099,322,101,4,415.03,1660.12,10,delivered,mobile,2026-03-16
2389,542,95,5,363.68,1818.4,15,  delivered ,partner,2026-06-08
805,301,129,6,20.69,124.14,0,delivered,mobile,2026-04-07
1009,235,112,8,272.83,2182.64,0,shipped,web,2025-08-13
1464,545,51,1,406.78,406.78,0,paid,mobile,not a date
1459,333,148,5,262.18,1310.9,25,cancelled,mobile,2026-08-01
1998,791,46,4,47.83,191.32,25,shipped,web,2026-03-06
439,756,111,,275.07,1650.42,15,delivered,web,2025-12-17
105,695,49,3,25.11,75.33,10,new,mobile,2026-07-12
2491,388,89,1,456.99,456.99,25,delivered,mobile,2025-10-05
2171,488,68,6,259.0,1554.0,10,delivered,web,2026-07-01
1673,411,121,4,73.23,292.92,0,shipped,partner,2026-07-22
477,71,112,2,358.09,716.18,25,shipped,store,2025-09-05
1171,37,88,6,465.17,2791.02,0,cancelled,web,2026-01-21
2299,42,25,2,293.79,587.58,0,shipped,store,2025-11-03
2631,274,34,4,50.46,201.84,15,paid,store,2026-03-08
1456,445,43,8,278.01,2224.08,10,shipped,mobile,2026-01-12
2383,781,13,5,240.54,1202.7,25,new,mobile,2025-08-29
2006,446,126,8,93.56,748.48,0,delivered,partner,2026-05-23
722,395,72,1,374.53,374.53,0,cancelled,store,2026-03-20
2755,752,43,4,75.61,302.44,0,new,mobile,2025-08-26
377,565,36,7,29.56,206.92,0,shipped,store,2026-06-25
1270,798,56,7,428.17,2997.19,0,delivered,mobile,2025-09-28
2161,425,128,8,156.98,1255.84,15,shipped,partner,2026-03-16
2918,639,9,2,129.62,-259.24,10,new,mobile,2025-08-28
2440,641,97,4,,1870.72,0,delivered,store,
893,317,56,8,487.14,3897.12,10,delivered,web,2025-08-16
1129,344,71,1,356.58,356.58,0,paid,partner,2026-06-30
2124,470,113,3,324.05,972.15,0,cancelled,web,2025-10-20
2278,797,97,7,405.9,2841.3,5,  cancelled ,mobile,2026-02-16
2651,654,74,5,480.44,2402.2,0,new,mobile,2026-02-19
1996,231,19,8,187.32,1498.56,5,paid,web,2026-02-14
1720,223,34,3,127.11,381.33,15,,mobile,2026-02-07
391,311,139,8,96.16,769.28,0,paid,web,2025-09-09
515,623,141,2,69.85,139.7,0,paid,mobile,2026-06-08
340,266,126,5,226.4,1132.0,15,delivered,partner,2026-03-20
2620,768,21,4,193.29,773.16,0,paid,web,2026-05-10
2873,434,5,8,417.01,3336.08,25,delivered,mobile,2026-02-18
1114,185,4,8,178.53,1428.24,0,delivered,mobile,2026-07-03
1802,65,147,5,176.57,882.85,0,,web,2025-12-22
1323,798,88,6,245.41,1472.46,10,shipped,web,2026-06-04
628,267,27,8,29.43,235.44,0,paid,store,0000-00-00
1188,303,136,5,454.61,-2273.05,5,shipped,web,2025-12-01
580,98,46,2,170.71,341.42,15,paid,mobile,2026-04-30
1375,52,31,8,481.74,3853.92,0,DELIVERED,mobile,2026-04-17
93,103,55,1,478.4,478.4,0,new,partner,2026-07-11
2057,395,3,5,152.49,762.45,25,delivered,web,2025-10-22
2128,642,85,3,200.67,602.01,15,paid,web,2026-06-29
2358,649,62,2,415.04,830.08,15,paid,partner,2025-10-13
1179,512,55,3,88.4,265.2,25,new,store,2026-03-23
1902,508,99,7,,2335.2,10,delivered,mobile,2025-12-13
2119,562,121,6,209.56,1257.36,0,new,store,2026-02-26
738,469,120,3,24432.819256797393,1389.96,0,cancelled,web,2025-08-14
1726,665,57,2,275.93,551.86,0,new,partner,2026-01-16
2378,424,139,6,-67.91,407.46,0,new,web,2025-11-15
1553,647,104,3,,838.14,0,new,store,2025-10-07
1562,219,134,3,-176.94,530.82,0,delivered,mobile,0000-00-00
666,152,88,3,193.61,580.83,0,,web,2025-11-17
2960,577,96,7,-147.98,1035.86,0,delivered,store,2026-06-26
2269,654,78,6,164.51,,5,new,store,2025-08-15
113,409,3,5,137.27,686.35,15,new,  web ,2026-04-13
1325,408,89,7,275.01,1925.07,15,shipped,STORE,2026-06-08
2506,477,146,2,464.86,,0,delivered,partner,2025-09-07
1012,77,75,6,unknown,2329.74,15,shipped,store,2026-07-18
692,241,105,3,-458.29,1374.87,0,delivered,mobile,2026-06-22
1301,471,147,2,301.27,602.54,0,new,mobile,2025-10-08
2923,702,42,2,429.66,859.32,0,delivered,partner,2025-09-18
1548,38,103,3,299.41,898.23,25,shipped,,2026-06-10
1463,54,62,3,115.12,345.36,15,  cancelled ,mobile,2025-10-01
1437,581,18,1,181.95,181.95,10,new,partner,2026-05-16
1787,758,64,8,216.86,1734.88,0,cancelled,partner,2026-04-17
1047,132,22,6,77.0,462.0,15,delivered,WEB,2026-01-06
869,251,123,7,158.39,-1108.73,25,paid,mobile,2026-06-04
267,405,112,6,37.52,225.12,0,shipped,partner,2026-06-12
447,189,104,1,92.16,92.16,5,new,partner,2025-09-24
1764,745,107,3,399.81,1199.43,10,paid,store,2025-09-25
1411,177,24,7,224.92,1574.44,,new,store,2025-09-20
1740,407,12,6,270.68,1624.08,0,paid,store,2026-01-17
1359,690,116,7,426.59,2986.13,25,delivered,mobile,2025-12-07
364,732,36,6,498.15,2988.9,5,paid,store,2025-09-14
729,282,83,5,20.48,102.4,15,paid,web,2026-07-19
2869,182,104,2,158.67,317.34,10,paid,partner,2026-06-26
2019,311,143,6,169.8,1018.8,10,new,web,2026-01-08
1011,377,32,5,85.87,429.35,5,cancelled,,2025-09-18
1828,277,52,1,34.07,34.07,15,cancelled,  store ,2025-09-22
798,712,21,8,154.46,1235.68,0,cancelled,mobile,2025-10-08
222,780,12,7,91.74,642.18,25,cancelled,mobile,2026-06-26
1546,363,110,7,102.97,720.79,0,delivered,web,not a date
2959,728,78,5,470.17,2350.85,0,new,store,2026-02-25
1535,738,67,6,470.62,,25,delivered,web,2026-01-10
2343,543,18,2,138.92,277.84,25,delivered,  mobile ,
1095,672,91,5,115.98,579.9,0,new,mobile,2026-05-13
1122,182,144,3,-243.86,731.58,10,shipped,store,2025-11-30
2340,262,85,6,268.49,1610.94,10,paid,web,2025-11-23
816,258,105,8,24.68,197.44,0,paid,mobile,2026-05-11
1180,600,26,3,416.24,1248.72,10,new,mobile,2026-05-18
169,695,106,2,372.55,745.1,25,shipped,store,2026-07-23
2107,405,103,4,380.03,386249.8446490294,0,delivered,mobile,2025-11-20
2819,457,81,1,429.46,429.46,25,shipped,mobile,2025-10-30
1650,590,47,,330.35,330.35,5,paid,store,2026-06-08
115,645,68,6,322.48,1934.88,15,shipped,store,2026-03-28
157,203,55,6,493.83,2962.98,5,shipped,web,
2524,274,13,2,347.96,695.92,15,shipped,web,2025-09-17
258,263,102,6,284.71,1708.26,0,paid,mobile,2026-06-15
287,49,114,8,483.01,3864.08,5,new,web,2026-01-26
2289,348,150,6,248.04,,5,cancelled,partner,2026-05-15
1161,759,13,2,11.19,22.38,25,cancelled,store,2026-04-22
109,503,76,2,298.79,597.58,5,shipped,web,2026-07-09
1398,313,24,2,,-161.42,25,cancelled,store,2026-04-10
2931,313,48,5,211.6,1058.0,5,delivered,,2026-01-22
1807,603,17,7,28.13,196.91,0,new,mobile,2026-01-30
2121,294,40,8,227.99,1823.92,25,SHIPPED,mobile,2026-05-08
2700,792,125,7,186.59,1306.13,0,shipped,partner,2026-06-23
1030,463,149,5,149.2,746.0,5,new,mobile,2025-10-11
1015,525,147,7,397.03,2779.21,0,delivered,partner,2026-05-10
2408,463,39,8,271.34,2170.72,0,delivered,web,2025-12-25
1704,522,74,7,489.91,3429.37,15,new,mobile,2026-03-22
2941,272,70,1,161.27,161.27,0,shipped,store,2026-01-13
719,203,109,5,408.72,2043.6,5,cancelled,mobile,2025-11-11
1403,4,102,,384.86,1539.44,0,shipped,mobile,2026-03-20
2724,35,112,1,35.36,35.36,5,cancelled,partner,2025-10-04
1671,521,147,6,456.39,2738.34,0,shipped,mobile,2025-08-28
759,572,21,6,199.17,1195.02,5,delivered,partner,2026-01-02
760,499,65,6,126.76,760.56,0,shipped,partner,
2508,647,121,1,273.0,273.0,5,new,mobile,2025-11-11
2460,147,8,2,134.92,269.84,0,new,partner,2026-06-19
1195,204,102,5,146.21,731.05,0,paid,partner,2026-05-09
1527,188,31,4,45932.19868781528,1439.84,0,delivered,partner,2025-09-17
1150,245,34,1,130.08,130.08,0,cancelled,mobile,2026-04-05
149,569,60,1,,60.32,15,paid,store,2026-02-04
1684,74,74,8,93.69,749.52,10,shipped,web,2025-09-24
2780,764,44,7,102.25,715.75,10,cancelled,store,2025-08-26
1080,404,102,8,465.23,3721.84,0,paid,store,2026-02-13
1641,779,48,4,420.9,-1683.6,,  cancelled ,web,2026-07-28
2866,319,87,3,289.5,868.5,0,shipped,mobile,2025-08-28
2570,260,110,1,83.44,83.44,0,shipped,partner,not a date
575,419,103,6,209.59,1257.54,10,paid,partner,2026-03-13
1310,97,12,3,255.35,766.05,25,delivered,web,2026-07-29
36,161,60,6,456.99,2741.94,10,shipped,mobile,2026-03-30
2520,55,132,1,240.23,240.23,5,delivered,web,2026-07-10
1172,609,38,7,12.58,-88.06,0,cancelled,mobile,2026-04-14
659,387,85,2,168.22,336.44,5,new,mobile,2025-10-22
2164,535,6,3,83.34,250.02,10,delivered,partner,not a date
1478,76,130,1,457.74,457.74,0,cancelled,mobile,2026-02-21
57,708,65,3,475.15,1425.45,25,paid,mobile,2026-01-28
806,246,108,7,49.55,346.85,5,cancelled,mobile,2026-06-07
2364,480,15,8,391.79,3134.32,10,new,web,2025-09-06
2286,176,74,8,262.88,2103.04,5,delivered,mobile,2025-09-18
1337,29,40,6,203.99,1223.94,25,cancelled,store,2025-12-26
1042,151,14,1,84.93,84.93,0,cancelled,partner,2026-04-21
1754,163,88,1,166.92,166.92,25,cancelled,store,2026-05-21
537,24,126,8,177.19,1417.52,0,paid,partner,2026-01-03
247,493,76,7,408.04,2856.28,0,,partner,2026-04-06
1490,359,25,5,399.02,1995.1,0,shipped,  store ,2026-02-10
2160,283,85,4,186.19,744.76,0,new,store,2026-04-16
497,137,49,5,488.03,2440.15,10,new,partner,2025-10-02
837,748,63,4,264.75,1059.0,25,delivered,web,2026-01-25
2708,173,90,1,227.9,227.9,25,shipped,mobile,2026-03-05
1825,134,88,,195.23,1171.38,0,cancelled,mobile,2025-09-05
410,406,8,,260.35,1562.1,10,cancelled,store,2026-07-17
1319,507,81,4,,1480.08,0,delivered,partner,2025-10-31
2166,754,80,2,300.76,601.52,0,new,web,2026-07-22
678,228,86,5,139.61,698.05,15,  delivered ,store,2026-04-02
271,722,124,5,361.29,1806.45,0,delivered,store,2025-08-21
1317,92,65,4,97.8,391.2,25,delivered,partner,2026-02-09
493,46,110,6,66.31,397.86,0,shipped,partner,2026-05-08
649,394,119,6,46.55,279.3,10,new,partner,2025-10-31
2185,432,122,2,5.96,11.92,10,shipped,partner,2026-04-25
643,583,148,8,40.02,320.16,25,new,store,2025-10-26
623,730,32,5,147.9,739.5,0,new,mobile,2026-08-03
286,718,119,4,308.69,1234.76,0,shipped,WEB,2026-05-06
1445,445,144,6,386.21,2317.26,0,shipped,partner,2025-11-17
1591,206,5,4,475.41,1901.64,25,new,mobile,2026-05-24
138,371,81,4,181.41,725.64,15,paid,  store ,2025-09-04
711,734,138,1,284.32,-284.32,15,paid,web,2025-08-17
915,479,146,8,72.83,582.64,10,cancelled,store,2025-10-16
563,239,46,8,218.41,1747.28,15,cancelled,partner,2025-10-19
2948,225,113,2,331.4,662.8,0,shipped,web,2026-04-21
2733,179,150,1,67.76,67.76,0,shipped,  mobile ,2025-08-12
578,467,4,5,104.46,522.3,5,shipped,web,2026-05-14
762,156,31,1,190.89,190.89,10,,web,2025-11-10
2353,186,146,8,207.24,1657.92,0,paid,store,2025-10-08
1482,227,35,1,165.03,165.03,0,shipped,mobile,2026-01-16
1300,176,95,6,N/A,189.24,10,new,partner,2025-12-05
946,126,140,2,338.13,676.26,0,new,partner,2026-05-04
1077,46,15,5,366.68,1833.4,0,  shipped ,mobile,2025-12-23
103,178,15,7,457.65,3203.55,0,shipped,store,2025-08-13
1809,567,128,1,361.57,361.57,0,delivered,partner,2025-11-13
2885,485,9,4,488.92,1955.68,5,paid,partner,2025-08-24
870,621,75,1,241.12,241.12,10,delivered,store,2025-10-04
2218,257,141,5,400.27,2001.35,0,paid,store,2026-01-11
1007,50,79,5,260.6,1303.0,25,new,partner,2025-11-17
635,84,81,7,305.93,2141.51,25,,web,2026-06-26
2887,567,147,5,438.99,2194.95,0,new,partner,2026-04-15
2345,428,89,2,439.04,878.08,0,cancelled,,2025-10-16
2415,266,130,7,73.48,514.36,0,delivered,store,2026-03-31
2855,190,49,1,400.93,400.93,25,delivered,STORE,2026-04-10
1584,563,112,8,435.09,,10,paid,partner,2026-03-28
2486,67,75,1,30.88,30.88,5,delivered,web,2026-02-12
2921,39,98,6,249.2,1495.2,0,cancelled,store,2025-10-17
2531,380,106,2,287.51,575.02,0,delivered,web,2026-05-05
700,46,111,6,341.68,-2050.08,0,new,partner,2025-10-30
896,677,50,4,383.51,1534.04,15,cancelled,store,2025-08-17
1900,593,123,5,126.08,630.4,0,shipped,web,2025-11-24
1473,418,96,7,41752.37045496157,3025.05,0,delivered,partner,2026-02-25
471,538,55,5,19.13,95.65,25,shipped,mobile,2025-11-22
2239,550,120,5,485.43,2427.15,25,paid,partner,2025-11-08
1577,276,41,3,441.86,1325.58,25,shipped,partner,2025-08-27
2478,120,136,7,426.29,2984.03,0,delivered,store,2026-02-02
1387,473,116,1,124.02,124.02,25,paid,partner,
1144,505,69,5,412.32,2061.6,5,shipped,web,2025-11-04
1985,299,1,7,71.39,499.73,0,,partner,2026-02-21
1307,604,51,4,181.46,,15,delivered,mobile,2025-09-05
2365,180,77,3,173.25,195264.5909222587,10,shipped,web,2026-03-20
467,411,90,6,310.61,1863.66,5,PAID,MOBILE,2026-03-11
1593,335,85,5,374.72,,5,shipped,web,2025-10-24
2307,116,120,2,389.07,778.14,10,delivered,mobile,2026-07-28
2150,714,125,8,450.75,3606.0,10,  new ,partner,2026-05-05
1231,738,104,8,411.26,3290.08,0,shipped,partner,2025-11-05
1611,143,60,3,44.75,134.25,10,cancelled,store,2026-01-10
125,258,47,5,377.52,1887.6,0,paid,,2026-07-01
2600,515,126,5,332.39,1661.95,0,delivered,web,2026-04-07
1512,117,16,4,47987.34353771331,1040.96,10,delivered,web,2026-02-01
819,283,135,2,356.88,713.76,10,paid,partner,2026-06-12
891,799,50,2,119.91,239.82,0,,store,2025-08-24
2379,408,58,3,5.72,17.16,0,paid,web,2025-08-20
2580,28,135,4,62.79,251.16,5,cancelled,web,2026-06-08
1743,247,51,6,,2073.84,10,shipped,partner,2025-10-29
2734,565,120,6,78.98,473.88,0,delivered,partner,2026-03-28
2864,444,28,8,333.14,2665.12,5,delivered,mobile,2026-05-02
2657,513,2,2,N/A,791.98,0,paid,partner,2025-12-19
2721,653,139,5,271.92,146907.6150169706,0,delivered,web,2026-05-31
1333,728,99,1,197.77,197.77,10,paid,store,2026-07-07
669,351,99,5,28755.26399890459,682.5,0,shipped,store,2026-01-29
132,425,122,8,106.72,853.76,5,cancelled,web,2025-12-27
2270,61,116,6,-484.25,2905.5,0,  shipped ,partner,2026-04-17
861,387,100,7,368.37,2578.59,15,new,partner,2026-05-03
1002,48,74,8,240.35,1922.8,10,new,partner,2026-05-22
246,453,138,5,13.25,66.25,0,shipped,mobile,2026-03-07
2425,307,111,8,317.1,2536.8,25,shipped,mobile,2026-04-10
2957,393,70,5,97.89,489.45,0,paid,partner,2026-04-21
1975,70,4,1,231.16,231.16,5,new,mobile,2025-11-18
888,10,144,1,423.0,423.0,5,cancelled,store,2025-09-30
1311,171,5,3,16.42,49.26,0,delivered,mobile,2026-07-25
2374,20,39,6,56.83,340.98,10,shipped,partner,2025-11-28
1062,146,30,2,106.65,213.3,0,cancelled,store,2026-03-31
2066,573,70,7,61.6,431.2,25,cancelled,web,2026-07-13
96,162,57,4,453.92,1815.68,15,delivered,store,2025-12-08
1096,38,53,1,9.29,9.29,15,cancelled,store,2026-05-24
1417,491,39,7,38.67,270.69,0,cancelled,partner,2026-06-30
1605,313,125,5,161.53,807.65,15,cancelled,web,2025-10-01
2725,587,141,5,448.64,2243.2,15,new,store,2026-05-16
2098,418,71,4,450.0,1800.0,25,paid,store,2026-04-01
1733,455,27,3,132.57,397.71,0,,partner,2025-08-11
1770,758,44,1,-94.97,94.97,5,delivered,mobile,2026-01-15
1258,425,36,4,390.1,1560.4,0,paid,store,2026-05-20
1452,501,75,4,140.91,563.64,0,shipped,mobile,2026-03-26
550,712,53,1,12.92,12.92,10,paid,partner,2026-07-12
426,614,78,1,227.52,227.52,5,delivered,partner,2025-12-03
2367,365,137,1,318.98,318.98,10,new,store,2025-08-10
2824,514,22,3,258.16,774.48,10,shipped,web,2026-06-15
1544,177,101,5,271.16,1355.8,0,paid,store,2025-08-26
1422,375,108,4,454.41,1817.64,15,new,mobile,2026-07-23
1955,567,62,4,211.09,844.36,15,cancelled,mobile,2025-10-29
1434,721,54,4,408.31,1633.24,0,cancelled,web,2026-07-20
339,497,71,7,470.04,3290.28,0,,mobile,2025-10-25
2282,243,68,2,66.54,133.08,5,paid,partner,2025-09-07
19,448,10,2,447.82,895.64,0,paid,mobile,2025-12-25
1866,58,76,4,214.5,858.0,25,delivered,mobile,2026-05-01
558,154,53,5,380.9,1904.5,25,  paid ,partner,2026-04-28
516,200,131,8,155.44,1243.52,25,delivered,web,2025-12-30
1119,446,116,4,68.29,273.16,25,shipped,web,2025-10-02
1731,217,110,7,452.39,3166.73,0,shipped,web,2025-12-06
1997,30,124,,251.26,753.78,25,shipped,store,2026-06-01
614,176,38,6,-354.84,2129.04,0,new,web,2026-07-02
1691,187,6,1,213.51,213.51,0,cancelled,partner,2025-12-23
1885,423,63,2,19.44,38.88,5,paid,web,2025-11-08
1814,351,54,4,56.45,225.8,0,paid,store,2026-02-01
2776,768,82,2,305.28,610.56,0,cancelled,web,2026-02-23
1357,119,64,6,201.49,1208.94,5,shipped,store,2025-08-26
1305,783,114,1,48.81,48.81,25,delivered,mobile,2026-01-01
1477,203,60,2,270.09,,0,shipped,partner,2026-02-03
2376,507,14,1,318.44,318.44,25,cancelled,web,2023-13-45
602,459,33,,-298.07,2086.49,0,shipped,store,2025-09-06
243,734,8,1,299.65,299.65,0,cancelled,partner,2026-05-14
930,515,147,7,325.94,2281.58,0,shipped,store,2025-09-14
803,211,25,8,74.25,594.0,5,shipped,store,not a date
2475,251,129,1,121.34,121.34,10,cancelled,web,2025-12-26
1021,89,63,4,108.35,433.4,15,new,mobile,2026-08-04
1686,59,122,6,437.65,2625.9,0,paid,partner,2026-02-17
833,191,101,2,348.03,696.06,0,shipped,store,2026-03-28
981,13,28,2,11.39,22.78,15,delivered,mobile,2025-10-12
627,609,114,6,253.38,1520.28,0,cancelled,  store ,2026-07-21
821,315,121,1,391.0,391.0,0,delivered,STORE,2025-08-18
2662,263,86,6,55.37,332.22,25,shipped,partner,2026-01-12
2120,629,119,2,80.42,160.84,15,delivered,partner,2025-12-14
2915,228,86,7,413.72,2896.04,5,shipped,store,2026-04-17
1804,573,133,2,276.82,553.64,5,shipped,store,2025-10-19
1617,610,16,8,395.4,3163.2,5,shipped,store,2025-11-27
680,365,145,3,14029.2567834457,169.02,15,  paid ,partner,2025-11-04
1619,281,56,8,41.52,332.16,10,cancelled,partner,2025-10-07
1309,693,14,6,342.63,2055.78,0,new,mobile,2026-03-07
509,603,40,7,393.4,2753.8,5,new,store,2025-08-29
1153,590,136,5,255.44,1277.2,10,delivered,mobile,2026-04-21
1986,324,148,2,397.6,795.2,25,cancelled,mobile,2026-08-06
363,75,148,,303.6,910.8,15,new,store,2026-07-26
2636,285,93,1,483.7,483.7,5,paid,store,2025-11-03
224,226,62,5,353.22,1766.1,5,shipped,mobile,2025-09-17
2361,653,140,4,265.91,1063.64,0,paid,partner,2026-01-15
613,8,82,6,498.95,2993.7,0,paid,partner,2026-02-11
1874,218,97,1,N/A,100.48,5,shipped,mobile,2026-03-20
593,192,48,2,90.12,180.24,10,paid,web,2025-09-23
84,153,129,4,441.71,1766.84,5,cancelled,web,2026-05-04
1524,241,84,8,100.81,806.48,25,cancelled,web,2026-01-16
1197,617,29,8,47.21,377.68,25,new,partner,2026-03-13
539,45,16,6,363.99,2183.94,0,shipped,mobile,2026-04-12
2492,86,41,7,372.46,2607.22,15,delivered,mobile,2025-11-07
2252,539,16,3,94.02,282.06,15,shipped,store,2026-03-15
281,111,75,7,337.42,2361.94,0,paid,PARTNER,2025-11-26
2205,165,8,2,410.75,821.5,10,new,partner,2026-02-02
47,476,87,1,373.23,373.23,10,shipped,store,2025-10-19
77,736,139,2,423.33,846.66,0,  new ,partner,2025-12-28
1055,42,137,4,466.4,-1865.6,0,delivered,store,2026-07-19
1089,718,142,7,71.45,500.15,10,new,store,2025-10-30
684,567,148,3,395.87,1187.61,0,cancelled,store,not a date
1590,229,103,4,118.27,473.08,5,new,web,2026-04-24
2082,210,141,1,167.93,167.93,10,  new ,store,2026-02-10
2454,40,39,3,465.0,1395.0,10,CANCELLED,web,2026-08-06
2629,771,85,6,122.96,737.76,0,,partner,2026-05-28
2607,599,52,5,331.98,1659.9,25,delivered,mobile,2026-04-30
2868,672,121,2,404.13,808.26,5,paid,web,2026-02-15
2170,74,88,,8.94,53.64,0,paid,web,2025-09-02
307,721,143,6,113.03,678.18,0,delivered,web,2026-05-26
448,758,80,,67.78,203.34,25,delivered,WEB,2026-03-08
2542,519,38,2,476.11,952.22,25,shipped,partner,2025-09-05
1423,367,96,7,139.38,975.66,15,paid,store,2026-02-03
2833,649,98,2,299.92,599.84,0,new,web,2026-07-01
2314,778,61,4,403.88,1615.52,10,paid,mobile,2026-06-15
2461,733,31,5,349.83,1749.15,15,cancelled,mobile,2026-03-01
2963,706,86,5,367.9,1839.5,15,shipped,store,0000-00-00
1903,579,6,3,18.35,55.05,25,shipped,store,2026-06-16
2999,644,131,6,281.92,1691.52,15,shipped,web,2025-12-08
1223,163,13,7,437.42,3061.94,0,new,mobile,2026-07-07
2266,772,107,4,170.5,252741.3245517088,0,new,mobile,2026-03-12
332,760,15,1,384.21,384.21,0,cancelled,web,2025-09-08
1226,575,127,3,87.88,263.64,0,delivered,mobile,2025-08-13
1034,579,13,,252.1,504.2,0,paid,mobile,2025-09-26
2111,760,116,1,14.09,14.09,10,delivered,web,2026-07-18
361,733,57,5,172.78,,25,paid,mobile,2026-06-06
733,655,17,6,335.62,2013.72,25,cancelled,mobile,2025-09-24
15,664,109,5,319.94,1599.7,25,paid,mobile,2026-03-04
311,98,138,2,132.1,264.2,5,paid,partner,2026-05-03
10,65,127,4,77.4,309.6,25,new,store,2025-09-24
1025,771,72,,82.12,574.84,5,cancelled,mobile,2025-11-01
2759,142,133,6,363.4,2180.4,25,paid,store,2025-09-08
229,692,140,7,400.63,2804.41,,SHIPPED,partner,2025-09-18
2695,299,114,2,,590.78,0,paid,store,2026-04-25
480,278,49,4,300.57,1202.28,15,paid,web,2025-10-08
2428,432,6,3,448.96,1346.88,5,paid,mobile,2026-03-30
2484,164,138,4,88.15,352.6,10,cancelled,partner,2026-01-19
1610,88,110,8,299.14,2393.12,25,shipped,store,2025-12-28
2065,287,33,8,242.46,1939.68,10,paid,  mobile ,2025-11-11
2106,270,100,5,80.98,404.9,10,shipped,PARTNER,2025-10-18
2804,516,121,4,89.69,358.76,0,shipped,web,2026-06-25
2710,141,132,4,,1326.04,0,,store,2026-05-24
792,484,8,7,203.09,1421.63,0,new,mobile,2026-06-20
2577,507,113,4,454.82,1819.28,5,shipped,mobile,2026-06-15
588,246,114,7,429.27,3004.89,0,cancelled,partner,2026-04-09
2665,382,51,3,446.01,1338.03,25,paid,web,2026-02-17
344,158,19,2,180.0,360.0,10,paid,store,2026-05-27
165,408,22,7,225.92,1581.44,,shipped,store,2026-05-01
1475,92,54,1,204.56,204.56,0,delivered,web,2026-04-11
2222,267,22,8,299.05,-2392.4,5,cancelled,mobile,2025-10-20
186,285,6,6,110.74,664.44,0,cancelled,web,2026-02-18
2301,189,145,4,412.68,1650.72,5,new,  store ,2025-09-07
2806,373,83,2,284.33,568.66,25,paid,partner,2025-12-16
863,272,96,4,444.1,1776.4,15,paid,partner,2026-03-26
223,20,66,3,145.07,435.21,15,cancelled,mobile,2026-05-28
1081,68,47,7,458.62,3210.34,10,cancelled,mobile,2026-03-09
1182,140,18,6,367.32,2203.92,5,delivered,partner,2025-12-25
2914,229,15,2,264.24,528.48,25,new,web,2025-08-12
780,34,116,5,310.65,1553.25,15,cancelled,partner,2025-11-09
478,69,132,4,490.47,1961.88,5,paid,partner,2026-01-14
1635,164,133,8,292.09,2336.72,0,delivered,partner,2025-09-21
1292,776,145,7,147.44,1032.08,10,delivered,partner,2026-04-28
2277,140,47,2,331.22,662.44,10,new,web,2026-06-23
2537,398,99,6,118.21,-709.26,15,paid,web,2026-05-19
1225,333,15,4,424.81,1699.24,0,shipped,store,2026-06-27
2372,503,66,4,364.56,1458.24,0,shipped,mobile,2026-03-06
2785,60,80,7,441.53,3090.71,25,paid,mobile,2025-12-04
997,726,90,6,162.89,977.34,0,delivered,web,2025-11-19
2670,394,116,4,195.9,783.6,5,delivered,mobile,
885,786,55,4,423.49,1693.96,0,shipped,  web ,2026-04-26
2547,713,131,7,457.05,3199.35,0,delivered,mobile,2025-09-25
2870,94,30,3,336.17,1008.51,15,delivered,store,2026-05-28
2336,145,18,8,99.31,794.48,0,cancelled,web,2026-03-03
2180,654,146,7,,798.84,0,new,store,2026-05-14
1212,265,61,4,407.51,1630.04,5,new,web,
931,572,150,2,159.22,318.44,,shipped,partner,2026-04-18
433,144,128,1,259.88,259.88,25,new,partner,2026-03-03
204,58,131,4,192.39,769.56,0,cancelled,partner,2026-06-22
2371,275,103,4,232.85,931.4,10,cancelled,mobile,2025-09-07
2480,181,42,8,467.26,3738.08,0,cancelled,store,2026-07-16
2815,507,61,6,208.96,1253.76,0,paid,  web ,2025-12-15
2022,205,10,3,376.53,-1129.59,0,cancelled,web,0000-00-00
1060,38,118,6,134.35,806.1,15,cancelled,partner,2023-13-45
411,525,110,3,431.64,1294.92,5,,,2026-03-31
2849,124,88,1,428.2,428.2,10,delivered,partner,
1882,756,31,4,145.93,583.72,25,paid,web,31/02/2023
2595,400,45,1,199.23,199.23,5,cancelled,web,2025-12-10
512,454,145,8,285.46,2283.68,15,shipped,web,2026-03-17
382,323,79,7,unknown,1359.89,15,shipped,,2026-01-06
2649,539,89,1,58.37,58.37,0,delivered,,2026-03-22
714,712,134,2,65.16,-130.32,0,cancelled,partner,2025-08-22
672,715,51,7,343.8,2406.6,0,new,mobile,2026-06-17
2791,201,136,7,407.51,2852.57,25,new,web,2026-06-15
119,645,93,2,420.1,840.2,25,new,store,2026-02-01
1579,546,119,3,443.72,1331.16,15,paid,mobile,2026-03-10
2047,213,89,1,90.74,90.74,0,delivered,web,
290,604,26,5,416.95,2084.75,10,shipped,web,2026-03-18
769,337,45,7,75.97,531.79,25,cancelled,partner,2025-10-14
2116,120,7,7,347.09,,0,shipped,partner,2026-07-28
2302,623,99,5,331.58,1657.9,0,paid,web,2026-02-04
1156,584,3,2,-179.12,358.24,0,cancelled,store,2025-10-25
1238,21,107,8,41864.56020474118,2522.48,0,delivered,partner,2026-03-25
2796,38,144,6,222.94,1337.64,15,cancelled,mobile,2026-02-21
325,399,108,4,363.31,1453.24,0,delivered,store,2025-11-05
1418,740,7,7,332.41,2326.87,15,shipped,partner,2025-08-25
1160,599,84,3,219.2,657.6,0,delivered,store,2026-02-14
2685,49,14,8,471.83,3774.64,0,shipped,web,2025-11-01
1826,121,80,4,40.86,163.44,0,new,mobile,2026-06-14
41,253,103,3,492.83,1478.49,0,delivered,mobile,2025-10-05
721,485,83,3,194.0,582.0,0,cancelled,partner,2026-07-27
16,520,143,5,248.63,1243.15,15,new,web,2026-07-20
611,428,11,7,94.32,660.24,,delivered,store,2026-05-31
1709,422,66,1,224.3,224.3,5,paid,mobile,2026-06-12
1608,159,86,7,149.48,1046.36,0,delivered,web,2026-06-07
1659,613,19,1,57.48,57.48,5,new,web,2026-03-05
2793,651,35,1,324.37,324.37,0,delivered,partner,2025-11-26
1869,799,96,8,134.3,1074.4,0,new,web,2025-10-23
1631,251,127,8,354.69,-2837.52,15,CANCELLED,web,2026-06-25
630,226,79,5,365.37,1826.85,25,cancelled,web,2026-04-07
2615,398,105,8,112.24,897.92,0,cancelled,mobile,2025-09-16
1466,511,23,3,11.09,33.27,5,shipped,web,2026-01-01
1988,135,55,1,111.1,111.1,0,shipped,store,2025-11-22
2498,250,143,4,335.88,1343.52,10,paid,mobile,2026-01-06
982,158,135,2,327.46,654.92,15,cancelled,web,2026-04-23
639,265,143,3,427.38,1282.14,15,,mobile,2025-11-09
2213,287,54,4,274.96,1099.84,15,shipped,web,2025-10-19
528,538,68,7,335.75,2350.25,5,new,mobile,2025-11-01
1791,667,134,8,332.24,2657.92,25,delivered,store,2026-07-25
2567,204,86,8,250.42,2003.36,0,shipped,store,2025-09-01
901,422,21,4,99.75,399.0,0,new,WEB,2026-07-01
2811,145,36,6,136.27,817.62,10,paid,  web ,2026-06-04
2897,770,9,5,-438.52,-2192.6,15,  paid ,web,2026-07-03
2974,524,83,7,119.67,837.69,0,shipped,web,2025-10-31
1997,30,124,,251.26,753.78,25,shipped,store,2026-06-01
2366,519,82,7,225.26,,0,shipped,web,2025-11-02
1584,563,112,8,435.09,,10,paid,partner,2026-03-28
1217,550,87,3,300.87,902.61,0,delivered,partner,2025-11-15
657,118,77,4,438.96,1755.84,0,paid,web,2025-11-17
764,786,94,6,23.84,143.04,5,delivered,web,2026-08-04
1990,587,42,5,31.85,159.25,0,shipped,mobile,2026-05-31
1288,669,35,1,N/A,351.71,0,shipped,store,2025-09-07
1662,197,11,8,92.48,739.84,5,new,store,2025-11-28
511,770,135,7,390.79,2735.53,10,delivered,store,2026-06-19
534,290,38,5,254.73,1273.65,25,paid,web,2025-12-22
1083,383,135,7,195.16,1366.12,0,cancelled,mobile,2026-03-30
2860,126,143,1,103.55,103.55,0,paid,web,2025-11-01
1873,441,86,6,58.81,352.86,25,cancelled,web,2026-03-16
674,51,109,2,97.52,195.04,10,new,web,
2801,391,46,1,124.22,-124.22,0,paid,partner,2026-05-03
2672,732,139,1,290.51,290.51,0,cancelled,partner,2025-11-19
2719,695,52,,186.35,372.7,0,new,partner,2025-10-19
1598,133,135,6,38.77,232.62,25,new,store,2026-03-14
2772,130,59,,176.05,880.25,0,  new ,partner,2026-04-20
218,193,52,4,497.05,1988.2,25,new,partner,2026-07-29
1922,98,41,6,N/A,2341.86,25,shipped,web,2025-10-28
547,694,14,6,426.28,2557.68,10,shipped,store,2026-05-26
188,230,6,,232.12,1160.6,25,shipped,store,2026-03-11
68,165,123,8,204.88,1639.04,5,paid,partner,2025-10-23
2382,248,48,5,447.32,2236.6,0,cancelled,mobile,2026-03-30
1574,678,131,7,357.1,2499.7,10,paid,web,2025-10-03
2922,285,44,8,unknown,1759.68,25,cancelled,partner,2026-04-17
788,721,137,6,10823.519113118511,277.8,5,new,partner,
2206,427,122,8,211.89,1695.12,15,new,mobile,2025-12-26
1745,697,76,8,336.59,2692.72,10,new,mobile,2025-09-30
1005,77,118,2,92.41,184.82,10,paid,mobile,2026-03-05
1116,743,70,7,345.02,2415.14,0,cancelled,partner,2026-06-24
232,193,86,3,103.45,310.35,15,delivered,web,2026-06-12
2989,216,143,7,-88.9,622.3,10,shipped,mobile,2026-05-17
610,43,142,8,42.42,339.36,0,shipped,web,2025-08-22
2847,149,10,,89.96,539.76,,new,mobile,2025-11-02
1285,11,14,3,267.94,803.82,5,cancelled,partner,2026-07-22
2430,240,65,8,284.74,2277.92,0,new,web,2026-06-18
730,309,109,8,360.44,2883.52,15,cancelled,web,2025-10-08
136,247,133,5,234.83,1174.15,5,shipped,STORE,2026-06-18
2644,44,26,5,23.78,118.9,0,paid,  store ,2026-07-03
1433,57,139,8,404.59,-3236.72,10,paid,store,2026-02-27
1847,490,63,7,206.14,1442.98,10,cancelled,web,2025-09-21
866,730,1,2,446.77,893.54,0,delivered,mobile,2025-08-14
533,143,77,8,368.97,2951.76,0,delivered,web,2026-02-12
2843,106,32,8,270.96,2167.68,15,shipped,,2025-09-17
785,74,67,1,339.66,-339.66,0,delivered,store,2026-03-13
1744,79,23,4,498.85,1995.4,0,delivered,store,2026-04-08
110,413,63,2,6.46,12.92,10,new,store,2025-12-28
1031,362,119,3,389.12,1167.36,5,delivered,store,2026-02-10
2912,393,34,7,269.92,1889.44,15,cancelled,partner,2025-12-04
1395,35,93,2,186.3,372.6,25,shipped,mobile,31/02/2023
2773,179,17,5,150.4,752.0,5,shipped,store,2025-11-14
2645,624,33,7,480.43,3363.01,5,paid,store,2026-07-01
2559,683,132,4,293.48,1173.92,0,new,store,2026-03-13
2181,154,55,3,214.38,-643.14,10,cancelled,mobile,2026-04-02
1328,573,82,2,176.08,352.16,10,paid,store,2026-06-15
736,754,105,5,311.24,1556.2,10,,mobile,2026-03-23
929,134,64,8,,,0,paid,mobile,2026-03-26
1993,412,59,4,unknown,1885.64,5,new,partner,2026-04-10
2049,128,59,7,unknown,3027.22,0,shipped,web,2023-13-45
906,348,124,1,288.17,288.17,15,cancelled,mobile,2026-04-24
2943,394,143,2,N/A,855.78,0,paid,web,2026-07-27
2450,772,56,5,494.33,2471.65,15,paid,store,2026-03-17
472,219,4,6,251.0,1506.0,0,cancelled,store,2026-08-05
1187,126,96,8,362.76,2902.08,0,shipped,partner,2025-10-08
2867,295,123,5,363.28,1816.4,0,cancelled,store,2026-04-20
1613,36,17,6,314.82,1888.92,25,delivered,partner,2026-01-15
671,284,84,8,252.67,2021.36,25,cancelled,store,2025-11-23
2179,695,91,7,306.03,2142.21,10,paid,mobile,2026-06-05
545,27,53,6,186.3,1117.8,25,shipped,mobile,2026-05-22
1204,294,76,4,196.39,785.56,0,paid,partner,2026-04-03
1675,533,102,3,67.32,201.96,0,new,mobile,31/02/2023
2316,68,47,7,35.4,247.8,0,new,store,2025-10-18
631,171,134,4,430.01,1720.04,15,paid,mobile,2026-07-18
1529,251,142,1,59.85,59.85,5,cancelled,partner,2025-10-14
942,40,106,7,79.22,554.54,0,paid,partner,2026-08-03
1999,532,38,2,408.56,817.12,10,shipped,web,2026-06-30
704,615,126,1,28.21,28.21,10,paid,partner,2026-01-12
2728,323,19,6,70.38,422.28,0,cancelled,mobile,2026-05-06
220,566,116,1,38.57,38.57,10,shipped,partner,2025-12-29
2901,127,92,4,45.12,180.48,5,shipped,mobile,
2966,406,142,6,460.99,2765.94,10,delivered,store,2026-01-27
2214,55,139,2,406.86,813.72,5,new,mobile,2025-12-17
465,181,19,1,294.43,294.43,10,new,partner,2026-06-18
1965,383,138,5,-141.41,707.05,15,new,mobile,not a date
32,87,74,3,480.17,164673.92826454103,5,new,web,2025-12-30
1661,43,12,8,310.99,2487.92,25,shipped,PARTNER,2026-06-26
58,698,8,5,372.23,1861.15,5,shipped,mobile,2025-12-16
464,655,121,1,144.89,144.89,0,cancelled,partner,2026-07-15
1911,586,148,4,127.16,508.64,5,cancelled,partner,2026-05-16
2226,596,114,5,468.89,2344.45,0,cancelled,mobile,2026-07-08
2538,139,88,3,487.4,1462.2,0,delivered,mobile,2026-03-31
1910,396,98,3,99.82,299.46,0,SHIPPED,web,2026-05-06
1653,651,90,2,418.82,837.64,0,new,partner,2026-02-24
1441,130,95,1,429.73,429.73,0,cancelled,web,2026-05-23
1127,459,39,3,466.93,1400.79,10,paid,web,2026-04-03
2614,123,82,5,477.54,2387.7,0,cancelled,WEB,2026-03-31
2432,376,11,2,455.84,911.68,0,delivered,web,2026-07-26
1739,95,124,3,278.34,835.02,25,cancelled,mobile,2026-04-13
430,230,149,3,223.12,669.36,0,paid,partner,2026-08-02
341,542,60,8,335.78,2686.24,0,cancelled,mobile,2026-02-13
2004,282,30,6,7.94,47.64,15,new,store,2026-06-12
1761,210,110,7,148.7,1040.9,5,paid,store,2026-02-19
1032,321,62,3,277.76,833.28,0,new,web,2026-06-29
440,540,63,1,160.45,160.45,0,cancelled,mobile,2026-05-16
723,330,118,6,375.29,2251.74,5,new,web,2026-07-10
1700,373,5,2,495.39,990.78,0,cancelled,partner,2026-06-15
1812,164,99,7,464.71,3252.97,10,cancelled,mobile,2025-12-05
256,660,96,6,201.96,1211.76,0,shipped,mobile,2025-09-24
1109,142,81,3,396.89,1190.67,0,paid,mobile,2026-06-17
1342,232,13,8,366.54,2932.32,0,CANCELLED,web,2026-08-03
2880,243,57,7,44.61,312.27,0,,partner,2025-10-12
945,274,133,5,499.33,2496.65,0,  shipped ,web,2025-08-19
1131,748,85,5,162.55,812.75,15,paid,store,2023-13-45
2502,405,148,7,214.17,1499.19,10,cancelled,store,2026-07-18
1651,123,55,,88.5,531.0,5,shipped,store,2026-06-06
726,433,50,3,341.55,1024.65,0,cancelled,web,not a date
2071,623,70,5,327.48,1637.4,10,cancelled,mobile,2025-12-18
675,796,10,7,114.98,804.86,0,cancelled,store,2026-05-03
145,515,144,2,125.36,250.72,5,delivered,mobile,2026-06-11
2131,580,88,5,479.58,2397.9,5,delivered,partner,2025-09-14
1352,759,138,1,195.2,195.2,15,delivered,partner,2026-01-31
2896,141,57,4,152.34,609.36,5,new,web,2025-09-29
2892,700,64,3,202.48,607.44,0,delivered,mobile,2025-12-07
1108,349,4,7,48.8,341.6,10,paid,store,2025-10-22
2061,7,15,4,327.96,1311.84,15,,,2026-04-28
2518,565,42,5,12.13,60.65,15,delivered,,2025-09-03
2224,414,78,1,387.4,387.4,0,cancelled,partner,2026-01-27
552,526,146,4,249.31,997.24,5,,store,2026-01-03
51,324,12,1,151.07,151.07,10,delivered,web,not a date
1877,610,104,3,175.96,527.88,0,new,web,2025-11-01
1860,152,72,5,7.18,35.9,0,new,store,0000-00-00
2777,793,124,1,,56.01,0,cancelled,mobile,2025-12-12
2417,362,25,7,178.51,1249.57,0,paid,partner,2025-09-27
482,675,111,7,158.22,1107.54,0,cancelled,partner,2025-11-11
2264,133,86,7,386.09,2702.63,25,paid,store,2026-05-21
1796,33,95,3,188.77,566.31,0,new,mobile,2026-05-03
847,475,33,8,270.48,2163.84,,paid,web,2026-08-07
916,198,18,4,259.74,1038.96,0,paid,mobile,2026-06-23
176,627,121,5,86.49,,15,cancelled,store,2025-09-30
954,114,70,6,347.63,2085.78,15,NEW,mobile,2026-05-25
1374,408,39,8,359.44,2875.52,10,cancelled,web,2026-01-20
301,218,131,2,409.02,818.04,0,new,store,2025-11-14
1229,788,143,6,448.7,2692.2,0,new,partner,2026-07-18
2546,279,27,2,122.8,245.6,10,delivered,PARTNER,2026-05-24
2097,377,34,5,15.93,79.65,0,cancelled,mobile,2026-04-27
707,414,112,1,224.4,224.4,10,new,partner,2026-07-29
1947,769,37,2,124.63,249.26,15,cancelled,web,2026-05-01
1306,739,3,3,455.29,1365.87,25,shipped,web,2026-01-18
1800,732,148,7,192.19,1345.33,15,delivered,web,2026-07-18
2197,424,129,3,26.17,78.51,15,new,mobile,2026-07-27
765,250,110,6,234.19,1405.14,5,cancelled,partner,2026-01-13
2666,552,112,5,499.52,2497.6,0,new,web,2026-04-05
2586,181,142,8,82.55,660.4,0,cancelled,store,2026-03-21
2400,52,122,1,337.71,337.71,25,paid,web,2026-05-28
2825,505,25,3,475.91,1427.73,0,paid,PARTNER,2025-08-08
423,724,106,5,202.98,1014.9,0,cancelled,web,2025-11-12
1620,607,117,5,423.63,2118.15,,paid,web,2026-04-13
1141,742,28,2,202.14,404.28,25,paid,store,2025-11-02
1894,445,52,5,464.29,2321.45,0,paid,mobile,2026-04-07
60,235,35,1,183.53,183.53,0,cancelled,web,2026-01-09
106,696,35,3,46760.456749636855,853.95,5,delivered,mobile,2026-01-10
1580,463,80,4,311.78,1247.12,25,cancelled,mobile,2025-12-01
2296,622,3,6,212.01,1272.06,10,paid,mobile,2026-01-11
1000,493,15,8,286.22,2289.76,5,cancelled,web,2025-12-03
2256,93,55,3,28.65,85.95,15,paid,mobile,2026-01-21
922,372,11,2,146.92,293.84,0,cancelled,web,2025-09-26
1121,697,26,5,281.77,1408.85,15,cancelled,web,2025-12-10
1852,486,52,6,203.72,1222.32,5,shipped,web,2026-03-29
1372,369,80,3,172.46,517.38,0,delivered,web,2025-12-04
242,661,5,3,N/A,465.63,0,delivered,store,2025-09-25
2807,310,101,1,494.9,494.9,10,cancelled,partner,2026-05-06
212,106,114,7,unknown,1589.63,0,new,partner,2026-02-05
2458,653,59,2,493.04,986.08,10,cancelled,partner,2026-07-29
1586,752,21,7,126.8,887.6,0,shipped,partner,2026-02-23
1859,632,35,2,414.63,829.26,25,paid,partner,2026-05-04
2059,120,20,1,47.82,47.82,0,delivered,mobile,2026-01-11
2585,109,93,1,51.02,51.02,15,delivered,mobile,2026-04-04
926,485,43,1,342.07,342.07,0,new,mobile,2026-02-11
2089,745,143,1,436.25,436.25,0,,partner,2026-03-25
1889,603,41,,380.14,380.14,0,cancelled,web,2026-04-27
24,689,60,5,403.08,2015.4,0,paid,mobile,2026-03-01
2211,88,113,5,430.2,,0,,mobile,2026-08-02
2611,480,87,5,317.37,1586.85,0,shipped,partner,2026-01-03
376,329,64,4,371.03,1484.12,,shipped,web,2026-01-29
2955,666,122,3,206.27,618.81,5,cancelled,mobile,2025-12-13
1614,630,86,4,438.34,1753.36,5,paid,partner,2026-07-08
1563,283,1,8,350.25,303335.29056223517,5,new,WEB,2026-07-03
1862,163,24,1,265.98,265.98,5,shipped,partner,2026-03-08
1436,406,126,6,430.82,2584.92,5,  delivered ,store,2025-12-21
565,142,95,8,362.4,2899.2,10,paid,partner,2026-07-19
782,495,100,8,130.78,1046.24,25,paid,store,2026-07-31
466,624,9,2,470.85,941.7,5,new,web,2025-08-13
600,493,45,,274.19,1096.76,25,new,,2026-06-21
263,768,64,8,156.77,,0,new,mobile,2026-07-17
1274,543,88,8,365.45,2923.6,10,  paid ,partner,2025-12-23
147,647,141,2,383.78,767.56,25,shipped,web,2026-04-21
2074,599,58,7,250.45,1753.15,5,delivered,store,2026-02-01
2961,576,123,6,375.65,2253.9,15,shipped,store,2026-05-14
1029,691,90,2,443.14,886.28,0,new,web,2026-02-09
2167,468,19,,480.2,2401.0,0,paid,web,2025-10-03
1396,791,25,7,17.74,124.18,0,DELIVERED,partner,2025-12-23
2992,305,80,7,,3252.48,10,shipped,STORE,2025-11-23
69,135,54,3,445.28,,0,delivered,web,2025-08-25
61,334,14,2,-241.72,483.44,0,cancelled,store,2025-12-29
1215,213,113,,419.67,1259.01,0,cancelled,web,2025-10-16
774,152,89,1,305.02,305.02,0,paid,store,2025-12-28
2063,144,73,4,243.13,972.52,0,  cancelled ,web,2026-06-23
1557,27,126,6,387.23,2323.38,0,paid,partner,2026-05-08
304,441,71,5,414.36,2071.8,15,new,store,2026-01-25
1532,655,100,1,435.18,435.18,10,paid,  store ,2025-08-26
373,434,38,2,285.55,571.1,10,delivered,mobile,2026-01-02
742,582,50,5,107.53,537.65,0,new,web,2025-08-13
993,666,97,1,139.97,139.97,0,paid,web,2026-02-09
2753,111,37,8,238.7,1909.6,15,cancelled,partner,2025-12-02
1376,640,149,2,23.47,46.94,5,cancelled,partner,2026-05-14
2195,681,57,2,21.29,42.58,15,cancelled,mobile,2026-07-31
2260,220,115,4,326.26,1305.04,0,new,web,2026-06-21
2944,106,59,5,300.49,1502.45,15,new,store,2026-01-22
890,725,4,1,493.35,493.35,0,shipped,web,2026-06-26
2315,524,92,6,N/A,435.66,25,cancelled,partner,2026-01-06
1816,527,25,8,170.75,1366.0,,new,web,2026-03-11
1240,766,55,7,481.2,3368.4,0,new,store,2026-01-26
1355,172,36,5,407.36,2036.8,25,cancelled,web,2026-04-23
1724,576,132,1,135.69,135.69,15,paid,web,2025-10-31
2449,96,24,6,171.16,1026.96,0,delivered,,2026-04-25
910,273,29,5,352.13,1760.65,0,cancelled,partner,2026-02-02
1037,677,97,3,419.93,-1259.79,5,new,,2026-03-29
2178,497,90,7,389.7,2727.9,5,delivered,web,2026-05-04
1568,683,79,2,155.87,311.74,0,delivered,  web ,2025-11-28
797,206,73,8,60.39,483.12,0,new,  web ,2025-08-09
1224,665,40,4,491.28,1965.12,5,cancelled,web,2026-04-08
2055,144,87,3,98.83,,10,new,web,2026-06-18
983,519,8,1,40.74,40.74,15,shipped,mobile,2025-10-15
1484,313,107,7,226.77,1587.39,10,paid,mobile,2025-10-02
2209,772,116,8,452.3,3618.4,0,new,,2026-03-01
2411,453,105,6,257.93,,5,  delivered ,mobile,2026-02-20
1451,178,46,4,37.7,150.8,0,delivered,mobile,2026-06-09
1949,198,107,2,235.73,471.46,0,shipped,web,2026-06-17
1269,260,71,2,138.46,276.92,10,cancelled,mobile,2026-07-01
1418,740,7,7,332.41,2326.87,15,shipped,partner,2025-08-25
1844,161,18,2,461.61,923.22,0,cancelled,partner,2025-09-16
596,82,98,7,382.9,177500.9205567503,0,new,mobile,2026-04-19
2557,286,51,8,349.09,2792.72,0,delivered,store,2026-02-07
2544,376,34,,326.55,-2612.4,0,cancelled,partner,2025-09-08
1090,531,44,8,293.42,,25,,web,2026-02-05
2100,143,143,2,336.58,673.16,0,shipped,web,2026-04-07
999,384,83,5,223.04,1115.2,25,new,store,2026-02-06
2481,188,28,3,,965.91,0,shipped,store,2026-03-09
603,389,148,7,440.58,3084.06,15,paid,web,2026-06-19
1237,308,52,8,169.14,1353.12,0,paid,web,2023-13-45
1968,110,81,3,157.28,471.84,10,delivered,partner,2025-08-19
2060,107,121,6,98.04,588.24,0,cancelled,mobile,2026-06-12
683,521,111,3,372.21,1116.63,10,cancelled,store,2025-09-15
1913,11,29,4,396.75,1587.0,5,paid,partner,2026-01-29
836,356,31,2,275.36,550.72,10,new,store,2026-06-25
4,104,17,5,53.25,266.25,25,shipped,store,2026-01-12
2172,54,27,8,106.35,850.8,25,new,web,2025-12-19
2240,618,92,7,20.41,142.87,0,delivered,partner,2026-05-31
1303,776,41,4,360.61,1442.44,5,shipped,web,2026-07-24
245,537,142,3,26.14,78.42,15,shipped,mobile,2026-07-14
1018,587,50,5,400.25,2001.25,10,shipped,mobile,2025-12-02
2409,292,142,5,273.0,1365.0,0,shipped,WEB,2025-08-19
1642,380,19,2,,32.44,10,shipped,web,2025-11-29
661,528,101,7,385.57,2698.99,5,shipped,web,2025-09-24
2648,426,93,8,106.81,,5,cancelled,STORE,2025-09-05
1399,514,95,2,214.72,429.44,15,shipped,mobile,2025-11-08
131,609,89,7,80.51,563.57,0,cancelled,mobile,2026-05-02
526,615,14,5,N/A,402.4,0,paid,partner,2026-02-01
572,206,103,7,496.17,3473.19,10,new,web,2025-11-08
2623,44,87,1,439.13,439.13,10,new,store,2026-05-20
253,32,140,1,467.15,467.15,0,shipped,partner,2025-11-14
652,81,122,8,475.14,3801.12,10,delivered,web,2026-01-13
179,169,111,6,338.75,2032.5,0,new,mobile,2025-09-18
8,500,66,2,319.25,,5,new,store,2026-05-25
397,395,146,2,unknown,436.02,25,new,partner,
65,369,119,4,126.67,-506.68,0,shipped,store,2026-05-02
1838,218,93,,389.75,,25,new,store,2026-02-09
2230,162,97,8,302.33,2418.64,0,new,partner,2026-06-05
1033,789,99,1,463.08,463.08,5,shipped,store,2025-08-07
2370,53,146,3,262.33,786.99,10,,web,2025-08-16
1388,533,105,1,245.02,245.02,25,delivered,store,2025-12-19
1070,362,26,6,62.26,373.56,,shipped,web,2025-08-11
701,792,57,1,273.18,273.18,0,paid,mobile,2025-09-23
1585,155,150,4,455.31,1821.24,0,paid,web,2025-10-23
2303,525,4,1,416.53,416.53,0,  new ,web,2026-02-10
30,541,5,3,212.04,636.12,0,shipped,store,2026-06-26
905,380,122,6,450.2,2701.2,0,delivered,web,2026-01-05
360,502,134,6,187.31,1123.86,15,delivered,partner,2026-04-28
2023,150,16,4,91.85,367.4,0,shipped,MOBILE,2026-06-07
2928,170,134,6,428.52,2571.12,10,cancelled,,2026-01-07
305,378,143,3,81.12,243.36,15,shipped,web,31/02/2023
192,754,115,7,142.35,996.45,15,shipped,store,2026-01-22
2407,284,39,7,80.04,560.28,25,delivered,partner,2026-05-29
264,284,97,6,329.54,1977.24,0,delivered,partner,2025-12-21
1068,687,114,3,,1242.51,10,delivered,partner,2026-05-30
1409,56,26,8,216.17,1729.36,0,delivered,store,2025-11-19
1976,723,16,8,92.07,736.56,0,shipped,store,2026-02-22
2145,144,95,2,177.78,355.56,10,new,  mobile ,2026-07-21
1934,567,76,6,120.25,721.5,0,delivered,mobile,2026-02-08
607,122,65,8,404.67,3237.36,25,paid,mobile,2025-11-04
1769,288,44,3,56.06,168.18,5,delivered,partner,2026-02-15
1713,474,2,7,98.53,689.71,15,shipped,store,2025-11-03
1416,666,91,6,,2936.04,0,shipped,store,2025-09-12
1733,455,27,3,132.57,397.71,0,,partner,2025-08-11
1883,230,20,3,499.2,1497.6,0,CANCELLED,,2025-11-01
98,337,61,8,333.44,2667.52,0,cancelled,web,2026-07-21
137,75,69,3,452.35,1357.05,0,new,mobile,2026-02-07
1429,341,73,6,40620.813335115505,2495.16,5,paid,web,
1335,566,108,5,208.47,1042.35,0,cancelled,web,2026-05-07
2647,748,82,7,325.07,2275.49,0,shipped,,2025-11-21
2618,32,47,6,37.94,227.64,15,paid,store,2025-12-01
1925,87,39,2,337.55,675.1,25,delivered,partner,2026-06-04
2359,463,13,7,42.22,295.54,5,cancelled,  mobile ,2025-11-02
2036,124,32,2,27.19,54.38,0,new,web,
574,388,116,8,405.65,3245.2,25,delivered,mobile,2026-03-17
2718,781,150,8,334.45,2675.6,0,shipped,partner,2026-06-24
632,78,78,2,23.08,46.16,10,new,store,2025-10-20
855,593,29,1,116.61,116.61,0,shipped,web,2026-07-18
796,709,65,,435.61,2178.05,10,shipped,partner,2026-03-05
151,66,11,6,452.7,2716.2,0,SHIPPED,mobile,2026-05-31
2146,581,39,8,453.87,3630.96,15,paid,partner,2026-07-01
800,513,31,4,274.7,1098.8,0,delivered,web,2025-11-16
2805,767,31,1,479.67,479.67,10,new,partner,2026-03-22
2779,553,148,2,279.16,558.32,15,delivered,web,
2890,773,118,,248.3,1986.4,15,cancelled,web,2026-01-10
1208,783,80,7,unknown,613.69,0,paid,partner,2025-12-16
1139,472,57,2,89.25,178.5,15,cancelled,mobile,2026-06-10
1079,497,113,7,-131.86,923.02,,new,web,2025-09-11
40,550,92,,394.51,2761.57,0,paid,partner,2025-09-03
92,235,74,7,98.23,687.61,15,delivered,mobile,2026-03-18
2416,647,109,4,222.24,888.96,0,delivered,partner,2025-11-26
352,325,62,7,368.15,2577.05,10,cancelled,web,2026-07-16
2671,387,55,6,213.04,1278.24,0,cancelled,store,2026-03-09
2251,145,115,5,435.52,2177.6,0,cancelled,PARTNER,2026-02-06
248,506,4,7,226.5,1585.5,0,cancelled,store,2025-09-23
368,493,134,8,178.5,1428.0,5,  new ,mobile,2026-06-16
159,179,34,5,334.64,1673.2,15,new,store,2025-09-23
1010,185,84,3,119.82,,5,paid,store,2025-08-28
1533,167,15,6,239.62,,0,cancelled,partner,2026-01-15
934,493,134,5,unknown,91.7,0,new,  mobile ,2025-11-14
1505,433,69,6,451.3,2707.8,0,delivered,web,2025-12-02
323,96,11,8,,2790.96,10,delivered,partner,2026-08-06
75,649,27,3,236.29,708.87,15,  paid ,web,
2276,472,35,3,241.23,723.69,5,shipped,store,2026-02-09
317,651,17,2,292.65,585.3,15,shipped,store,2026-02-21
184,374,74,2,428.24,856.48,0,cancelled,,2026-08-03
2495,764,128,8,269.72,2157.76,0,DELIVERED,web,2026-06-06
1573,95,100,4,370.5,1482.0,10,new,partner,2025-08-10
2588,398,139,3,285.22,855.66,0,paid,mobile,2026-04-22
2689,753,26,6,203.94,1223.64,0,cancelled,store,2026-03-04
2657,513,2,2,N/A,791.98,0,paid,partner,2025-12-19
